{"stats":{"minecraft:custom":{"minecraft:animals_bred":1,"minecraft:interact_with_crafting_table":65,"minecraft:open_barrel":6,"minecraft:leave_game":8,"minecraft:time_since_death":157717,"minecraft:sprint_one_cm":2202393,"minecraft:drop":875,"minecraft:talked_to_villager":2,"minecraft:play_time":1020438,"minecraft:deaths":43,"minecraft:jump":8910,"minecraft:interact_with_brewingstand":1,"minecraft:enchant_item":2,"minecraft:walk_on_water_one_cm":56192,"minecraft:interact_with_furnace":35,"minecraft:interact_with_cartography_table":1,"minecraft:interact_with_loom":1,"minecraft:sleep_in_bed":40,"minecraft:damage_dealt":21341,"minecraft:player_kills":1,"minecraft:crouch_one_cm":181110,"minecraft:horse_one_cm":13504,"minecraft:interact_with_anvil":3,"minecraft:mob_kills":120,"minecraft:damage_dealt_resisted":133,"minecraft:climb_one_cm":21091,"minecraft:walk_one_cm":3925660,"minecraft:sneak_time":69216,"minecraft:walk_under_water_one_cm":39629,"minecraft:interact_with_blast_furnace":1,"minecraft:total_world_time":1020438,"minecraft:tune_noteblock":5,"minecraft:time_since_rest":31846,"minecraft:damage_taken":18574,"minecraft:swim_one_cm":31120,"minecraft:fly_one_cm":654317,"minecraft:open_chest":462,"minecraft:fish_caught":2,"minecraft:fall_one_cm":155032},"minecraft:mined":{"regions_unexplored:salmonberry_bush":2,"minecraft:white_bed":5,"regions_unexplored:blue_lupine":1,"regions_unexplored:maple_log":24,"minecraft:sculk_vein":81,"regions_unexplored:magnolia_log":4,"minecraft:granite":9,"regions_unexplored:hanging_prismarite":34,"minecraft:grass_block":648,"minecraft:cracked_polished_blackstone_bricks":1,"regions_unexplored:blue_bioshroom":1,"minecraft:spawner":4,"minecraft:polished_blackstone_bricks":1,"minecraft:tall_seagrass":4,"regions_unexplored:mauve_fence":8,"minecraft:sculk_catalyst":5,"minecraft:iron_ore":31,"minecraft:sculk_shrieker":9,"regions_unexplored:maple_leaf_pile":1,"iceandfire:gold_pile":8,"regions_unexplored:mauve_shrub":7,"regions_unexplored:prismoss":2,"regions_unexplored:stripped_mauve_log":2,"regions_unexplored:enchanted_birch_leaf_pile":134,"regions_unexplored:mauve_fence_gate":1,"regions_unexplored:mauve_stairs":3,"minecraft:blackstone":5,"minecraft:kelp_plant":5,"regions_unexplored:magnolia_fence":1,"minecraft:torch":11,"regions_unexplored:mycotoxic_daisy":1,"minecraft:chest":4,"minecraft:dead_bush":2,"minecraft:nether_quartz_ore":224,"minecraft:cobblestone":26,"regions_unexplored:meadow_sage":2,"minecraft:oak_planks":1,"minecraft:bricks":2,"minecraft:wall_torch":3,"regions_unexplored:tsubaki":1,"regions_unexplored:hyssop":21,"minecraft:wheat":3,"regions_unexplored:mauve_planks":2,"minecraft:orange_tulip":1,"minecraft:grass":322,"minecraft:oak_log":6,"regions_unexplored:eucalyptus_log":179,"minecraft:sand":6,"minecraft:dirt":291,"regions_unexplored:clover":6,"minecraft:ancient_debris":6,"minecraft:netherrack":1545,"regions_unexplored:prismoss_sprout":5,"minecraft:deepslate":226,"regions_unexplored:fireweed":5,"minecraft:tuff":44,"iceandfire:silver_ore":4,"regions_unexplored:barley":1,"minecraft:deepslate_diamond_ore":30,"gravestone:gravestone":38,"minecraft:jungle_planks":6,"regions_unexplored:aster":7,"iceandfire:chared_dirt":1,"minecraft:kelp":4,"minecraft:red_mushroom":1,"regions_unexplored:eucalyptus_stairs":13,"regions_unexplored:large_prismarite_cluster":17,"regions_unexplored:raw_redstone_block":1,"minecraft:large_fern":1,"minecraft:redstone_ore":5,"regions_unexplored:waratah":1,"iceandfire:chared_gravel":2,"mysticsbiomes:maple_leaves":1,"minecraft:potatoes":1,"minecraft:deepslate_iron_ore":4,"regions_unexplored:enchanted_birch_shrub":5,"minecraft:vine":3,"regions_unexplored:apple_oak_leaves":3,"regions_unexplored:medium_grass":397,"regions_unexplored:orange_maple_leaf_pile":3,"regions_unexplored:redwood_log":25,"minecraft:stone":25,"regions_unexplored:windswept_grass":3,"regions_unexplored:enchanted_birch_sapling":1,"regions_unexplored:redstone_bulb":1,"minecraft:crafting_table":1,"regions_unexplored:salmon_poppy_bush":3,"minecraft:rose_bush":10,"minecraft:sculk_sensor":31,"regions_unexplored:blackwood_log":124,"minecraft:tall_grass":3,"regions_unexplored:mauve_log":580,"minecraft:deepslate_gold_ore":2,"regions_unexplored:daisy":1,"minecraft:sculk":2641,"regions_unexplored:prismarite_cluster":67,"minecraft:birch_planks":1,"regions_unexplored:redstone_bud":4,"regions_unexplored:red_maple_leaf_pile":2,"minecraft:bee_nest":1,"minecraft:yellow_bed":4,"minecraft:coal_ore":32,"regions_unexplored:mycotoxic_mushrooms":1,"regions_unexplored:silver_birch_log":90,"minecraft:gravel":4,"regions_unexplored:blackwood_leaves":15,"regions_unexplored:eucalyptus_planks":252,"regions_unexplored:tassel":31,"minecraft:fern":1},"minecraft:killed_by":{"undead_revamp2:the_moonflower":4,"iceandfire:cyclops":2,"minecraft:piglin_brute":7,"minecraft:creeper":2,"minecraft:pillager":1,"iceandfire:ice_dragon":1,"minecraft:zombie":1,"iceandfire:fire_dragon":5,"minecraft:player":2,"minecraft:spider":1,"alexsmobs:tiger":1,"minecraft:skeleton":3,"iceandfire:lightning_dragon":3,"enemyexpansion:direwolf":1},"minecraft:broken":{"minecraft:golden_helmet":1,"minecraft:wooden_shovel":2,"minecraft:stone_pickaxe":1,"minecraft:wooden_sword":1,"minecraft:stone_axe":3,"minecraft:wooden_axe":3,"minecraft:stone_shovel":3,"minecraft:iron_axe":1},"minecraft:crafted":{"minecraft:cooked_chicken":3,"regions_unexplored:mauve_fence":133,"minecraft:cooked_mutton":1,"minecraft:quartz_block":3,"minecraft:glass":6,"minecraft:chest":1,"regions_unexplored:eucalyptus_stairs":10,"minecraft:glass_bottle":3,"minecraft:wooden_shovel":2,"minecraft:cooked_porkchop":18,"minecraft:crafting_table":1,"minecraft:wooden_pickaxe":1,"regions_unexplored:mauve_button":12,"minecraft:copper_ingot":7,"regions_unexplored:mauve_stairs":8,"minecraft:iron_ingot":47,"minecraft:iron_pickaxe":1,"minecraft:fishing_rod":1,"minecraft:furnace":1,"regions_unexplored:mauve_fence_gate":3,"regions_unexplored:mauve_planks":222,"minecraft:iron_axe":4,"minecraft:iron_hoe":2,"minecraft:stone_pickaxe":4,"minecraft:golden_helmet":1,"minecraft:cooked_beef":59,"minecraft:sugar":3,"minecraft:diamond_sword":1,"minecraft:bucket":1,"minecraft:stone_axe":2,"mysticsbiomes:strawberry_fence":6,"minecraft:air":0,"regions_unexplored:eucalyptus_planks":512,"minecraft:wooden_axe":3},"minecraft:dropped":{"regions_unexplored:dropleaf":1,"minecraft:moss_block":5,"minecraft:birch_planks":4,"minecraft:cooked_beef":25,"minecraft:oak_log":2,"minecraft:glass_bottle":2,"minecraft:cooked_porkchop":17,"minecraft:orange_tulip":1,"minecraft:leather":19,"minecraft:jungle_planks":66,"regions_unexplored:magnolia_sapling":20,"minecraft:red_mushroom":4,"minecraft:flint":1,"minecraft:emerald":2,"regions_unexplored:red_maple_leaf_pile":34,"minecraft:dirt":179,"minecraft:dark_oak_wood":1,"regions_unexplored:stripped_mauve_log":1,"regions_unexplored:mauve_fence":3,"gravestone:obituary":61,"minecraft:gold_nugget":23,"minecraft:wooden_sword":1,"regions_unexplored:prismarite_cluster":1,"regions_unexplored:maple_log":1,"minecraft:sugar":3,"minecraft:iron_pickaxe":1,"minecraft:fishing_rod":1,"regions_unexplored:mauve_sapling":59,"minecraft:bone":13,"minecraft:gravel":12,"undead_revamp2:huntereye":1,"minecraft:stone_axe":1,"minecraft:blackstone":2,"minecraft:cobbled_deepslate":5,"alexsmobs:animal_dictionary":1,"minecraft:rotten_flesh":47,"minecraft:oak_planks":1,"regions_unexplored:maple_sapling":2,"regions_unexplored:mauve_shrub":3,"minecraft:cooked_mutton":3,"minecraft:honey_bottle":4,"patchouli:guide_book":1,"regions_unexplored:eucalyptus_planks":149,"minecraft:chest":1,"regions_unexplored:eucalyptus_sapling":1,"minecraft:arrow":6,"minecraft:netherrack":151,"iceandfire:manuscript":6,"farmersdelight:tomato_seeds":1,"iceandfire:dragonbone_sword":1,"regions_unexplored:tsubaki":1,"minecraft:bread":2,"regions_unexplored:fireweed":5,"minecraft:wheat_seeds":155,"minecraft:golden_helmet":5,"minecraft:cherry_log":12,"minecraft:mossy_cobblestone":8,"regions_unexplored:eucalyptus_stairs":2,"minecraft:iron_helmet":1,"minecraft:lead":3,"minecraft:feather":1,"minecraft:cobblestone":8,"regions_unexplored:silver_birch_sapling":1,"minecraft:apple":1,"regions_unexplored:tassel":48,"minecraft:granite":20,"minecraft:disc_fragment_5":11,"regions_unexplored:enchanted_birch_leaf_pile":213,"minecraft:coal":1,"minecraft:golden_apple":1,"minecraft:pufferfish":1,"regions_unexplored:enchanted_birch_shrub":2,"regions_unexplored:enchanted_birch_sapling":7,"minecraft:diorite":2,"regions_unexplored:salmon_poppy_bush":4,"regions_unexplored:orange_maple_sapling":2,"regions_unexplored:eucalyptus_log":47,"iceandfire:armor_green_chestplate":1,"minecraft:rose_bush":2,"regions_unexplored:mycotoxic_daisy":2,"regions_unexplored:barley":5,"enemyexpansion:wasp_thorax":1,"minecraft:iron_leggings":2,"minecraft:iron_axe":1,"regions_unexplored:silver_birch_leaf_pile":22,"minecraft:string":6,"minecraft:bucket":2,"minecraft:redstone":9,"iceandfire:silver_nugget":64,"croptopia:sea_lettuce":1,"minecraft:bricks":2,"regions_unexplored:magnolia_fence":42,"minecraft:moss_carpet":2,"minecraft:kelp":10,"minecraft:raw_copper":7,"minecraft:stone_shovel":1,"regions_unexplored:clover":30,"minecraft:iron_boots":2,"minecraft:iron_hoe":1,"regions_unexplored:mauve_planks":1,"regions_unexplored:hyssop":2,"regions_unexplored:mauve_log":81,"regions_unexplored:aster":1,"iceandfire:dragon_ice":1,"minecraft:diamond_sword":2,"regions_unexplored:maple_leaf_pile":3,"iceandfire:copper_sword":1,"iceandfire:chared_cobblestone":1,"mysticsbiomes:strawberry_fence":6,"minecraft:iron_chestplate":3,"regions_unexplored:blackwood_sapling":1,"minecraft:oak_sapling":1,"minecraft:spider_eye":3,"pfm:furniture_book":1,"minecraft:stone_pickaxe":4,"minecraft:wooden_pickaxe":3,"regions_unexplored:orange_maple_leaf_pile":21},"minecraft:used":{"regions_unexplored:silt_dirt":8,"minecraft:cherry_sapling":3,"minecraft:iron_shovel":286,"minecraft:diamond_hoe":2745,"minecraft:chest":7,"regions_unexplored:mauve_log":16,"regions_unexplored:eucalyptus_stairs":29,"minecraft:iron_sword":181,"regions_unexplored:salmonberry":1,"regions_unexplored:mauve_fence_gate":4,"regions_unexplored:waratah":1,"regions_unexplored:mauve_sapling":5,"regions_unexplored:prismarite_cluster":5,"minecraft:milk_bucket":1,"minecraft:honey_bottle":4,"regions_unexplored:magnolia_fence":12,"minecraft:lava_bucket":14,"regions_unexplored:eucalyptus_planks":553,"minecraft:quartz_block":3,"regions_unexplored:aster":3,"mysticsbiomes:strawberry_sapling":3,"regions_unexplored:blue_bioshroom":1,"minecraft:furnace":1,"minecraft:egg":5,"minecraft:potato":2,"regions_unexplored:silver_birch_log":1,"regions_unexplored:redstone_bulb":1,"minecraft:stone_pickaxe":131,"regions_unexplored:large_prismarite_cluster":11,"minecraft:blackstone":3,"minecraft:wooden_pickaxe":222,"regions_unexplored:tassel":3,"regions_unexplored:raw_redstone_block":1,"regions_unexplored:dusktrap":1,"minecraft:crossbow":1,"regions_unexplored:mauve_planks":60,"regions_unexplored:fireweed":5,"iceandfire:dragonbone_sword":88,"minecraft:melon_slice":6,"regions_unexplored:blackwood_sapling":4,"minecraft:bread":39,"regions_unexplored:mauve_stairs":9,"regions_unexplored:mauve_fence":146,"minecraft:gravel":1,"minecraft:diamond_sword":54,"minecraft:wooden_sword":46,"regions_unexplored:red_maple_sapling":1,"minecraft:experience_bottle":2,"minecraft:rose_bush":3,"regions_unexplored:mauve_shrub":1,"farmersdelight:diamond_knife":2,"minecraft:stone_shovel":421,"undead_revamp2:blacpetalblock":1,"minecraft:wooden_shovel":129,"minecraft:torch":20,"minecraft:dirt":1177,"iceandfire:copper_sword":282,"regions_unexplored:eucalyptus_log":1,"regions_unexplored:magnolia_log":1,"minecraft:granite":11,"regions_unexplored:hyssop":19,"minecraft:iron_hoe":15,"minecraft:wooden_axe":184,"regions_unexplored:daisy":1,"minecraft:iron_axe":741,"regions_unexplored:enchanted_birch_sapling":18,"minecraft:golden_carrot":1,"regions_unexplored:meadow_sage":3,"regions_unexplored:enchanted_birch_shrub":3,"minecraft:cooked_beef":65,"minecraft:cobbled_deepslate":111,"regions_unexplored:blackwood_log":33,"minecraft:cooked_mutton":2,"minecraft:wheat_seeds":2,"minecraft:water_bucket":2,"minecraft:lead":1,"minecraft:birch_planks":1,"minecraft:glass_bottle":5,"regions_unexplored:tsubaki":1,"minecraft:polished_blackstone_bricks":1,"minecraft:pink_concrete":1,"farmersdelight:onion":2,"minecraft:crafting_table":2,"minecraft:white_bed":6,"minecraft:diamond_pickaxe":1811,"minecraft:apple":11,"minecraft:iron_pickaxe":385,"minecraft:stone_axe":465,"minecraft:fishing_rod":10,"iceandfire:chared_gravel":2,"minecraft:cobblestone":11,"minecraft:cooked_porkchop":5,"minecraft:bucket":16,"minecraft:yellow_bed":3,"minecraft:stripped_oak_log":4},"minecraft:killed":{"minecraft:zombified_piglin":1,"minecraft:spider":6,"minecraft:cod":10,"minecraft:skeleton":7,"minecraft:chicken":1,"undead_revamp2:therod":1,"alexsmobs:kangaroo":1,"minecraft:piglin":3,"minecraft:pig":7,"minecraft:zombie_villager":1,"minecraft:sheep":1,"minecraft:trader_llama":1,"minecraft:pillager":3,"minecraft:zombie":20,"enemyexpansion:wasp":1,"minecraft:cow":27,"undead_revamp2:thehunter":2,"enemyexpansion:direwolf":4,"undead_revamp2:sucker":1,"alexsmobs:flying_fish":9,"undead_revamp2:the_moonflower":8,"enemyexpansion:huntsman":2},"minecraft:picked_up":{"minecraft:iron_chestplate":3,"iceandfire:copper_sword":3,"regions_unexplored:magnolia_log":71,"artifacts:bunny_hoppers":1,"minecraft:lead":8,"minecraft:diamond_sword":2,"regions_unexplored:silt_dirt":8,"enemyexpansion:wasp_thorax":1,"regions_unexplored:eucalyptus_planks":444,"iceandfire:armor_silver_metal_chestplate":1,"iceandfire:manuscript":6,"minecraft:string":11,"regions_unexplored:prismarite_cluster":67,"minecraft:raw_copper":16,"minecraft:iron_leggings":2,"minecraft:pufferfish":1,"regions_unexplored:enchanted_birch_shrub":5,"minecraft:diamond_leggings":1,"minecraft:gold_nugget":111,"minecraft:cobbled_deepslate":219,"minecraft:bucket":2,"minecraft:rose_bush":12,"minecraft:iron_pickaxe":2,"minecraft:iron_boots":1,"regions_unexplored:blackwood_log":74,"regions_unexplored:redwood_log":24,"minecraft:golden_helmet":1,"minecraft:stick":203,"minecraft:big_dripleaf":4,"minecraft:torch":20,"regions_unexplored:mauve_fence_gate":1,"minecraft:porkchop":16,"iceandfire:dragonsteel_ice_chestplate":1,"minecraft:cherry_log":12,"regions_unexplored:raw_redstone_block":1,"minecraft:golden_chestplate":1,"regions_unexplored:daisy":1,"regions_unexplored:barley":3,"minecraft:honey_bottle":2,"minecraft:rotten_flesh":62,"regions_unexplored:tsubaki":2,"regions_unexplored:mauve_log":654,"iceandfire:fire_dragon_heart":1,"minecraft:cod":12,"regions_unexplored:magnolia_sapling":34,"undead_revamp2:arapholia":1,"alexsmobs:flying_fish":10,"minecraft:cobblestone":56,"minecraft:pink_petals":4,"minecraft:magma_block":5,"minecraft:feather":4,"minecraft:cooked_beef":68,"minecraft:water_bucket":1,"minecraft:andesite":5,"minecraft:potato":2,"minecraft:flint":2,"minecraft:tuff":42,"undead_revamp2:huntereye":1,"minecraft:lapis_lazuli":7,"minecraft:dirt":1351,"minecraft:disc_fragment_5":4,"minecraft:name_tag":9,"minecraft:glass":3,"minecraft:bone":17,"undead_revamp2:blacpetalblock":2,"minecraft:wheat_seeds":146,"minecraft:orange_tulip":1,"minecraft:raw_gold":2,"croptopia:roe":10,"regions_unexplored:dropleaf":1,"regions_unexplored:mauve_stairs":3,"minecraft:pink_concrete":1,"regions_unexplored:mycotoxic_mushrooms":2,"minecraft:cooked_porkchop":11,"mysticsbiomes:strawberry_planks":40,"regions_unexplored:eucalyptus_stairs":33,"regions_unexplored:salmonberry":1,"minecraft:sand":6,"minecraft:jungle_planks":66,"iceandfire:lightning_dragon_heart":1,"farmersdelight:ham":1,"alexsmobs:animal_dictionary":1,"minecraft:mossy_cobblestone":8,"regions_unexplored:mauve_planks":134,"alexsmobs:kangaroo_hide":2,"regions_unexplored:hyssop":21,"minecraft:diamond":35,"minecraft:cracked_polished_blackstone_bricks":1,"iceandfire:dragon_ice":1,"regions_unexplored:clover":30,"minecraft:granite":54,"minecraft:bone_meal":3,"minecraft:emerald":4,"minecraft:bread":34,"minecraft:oak_sapling":1,"minecraft:netherrack":1150,"regions_unexplored:magnolia_fence_gate":1,"minecraft:bricks":2,"iceandfire:silver_nugget":64,"iceandfire:raw_silver":4,"minecraft:diamond_pickaxe":1,"minecraft:crafting_table":2,"regions_unexplored:mycotoxic_grass":3,"minecraft:chicken":3,"minecraft:wooden_pickaxe":4,"regions_unexplored:mycotoxic_daisy":2,"minecraft:diamond_horse_armor":1,"regions_unexplored:blue_bioshroom":1,"gravestone:obituary":15,"regions_unexplored:red_maple_leaf_pile":34,"minecraft:moss_carpet":2,"minecraft:wooden_sword":2,"minecraft:flint_and_steel":1,"minecraft:iron_shovel":2,"regions_unexplored:orange_maple_sapling":2,"minecraft:blackstone":5,"regions_unexplored:mauve_fence":10,"minecraft:beef":77,"regions_unexplored:mauve_shrub":7,"regions_unexplored:maple_leaf_pile":3,"minecraft:chest":5,"minecraft:diamond_hoe":1,"minecraft:egg":5,"minecraft:raw_iron":35,"regions_unexplored:silver_birch_leaf_pile":22,"minecraft:copper_ingot":2,"minecraft:fire_charge":1,"minecraft:polished_blackstone_bricks":1,"minecraft:redstone":32,"regions_unexplored:dusktrap":1,"iceandfire:silver_ingot":8,"minecraft:arrow":7,"regions_unexplored:enchanted_birch_leaf_pile":371,"minecraft:stone_shovel":4,"regions_unexplored:mauve_sapling":188,"regions_unexplored:redstone_bulb":1,"regions_unexplored:maple_sapling":2,"minecraft:diamond_boots":1,"croptopia:sea_lettuce":1,"minecraft:saddle":1,"iceandfire:armor_sapphire_boots":2,"minecraft:mutton":2,"alexsmobs:kangaroo_meat":3,"minecraft:white_wool":2,"minecraft:stripped_oak_log":4,"regions_unexplored:hanging_prismarite":36,"regions_unexplored:eucalyptus_log":175,"iceandfire:dragonsteel_ice_helmet":1,"minecraft:salmon":2,"minecraft:leather":69,"iceandfire:armor_sapphire_leggings":2,"minecraft:red_mushroom":4,"regions_unexplored:meadow_sage":2,"minecraft:birch_planks":1,"regions_unexplored:stripped_mauve_log":3,"minecraft:oak_log":2,"minecraft:ancient_debris":6,"regions_unexplored:red_maple_sapling":1,"minecraft:yellow_bed":4,"regions_unexplored:salmon_poppy_bush":3,"regions_unexplored:tassel":35,"minecraft:white_banner":1,"regions_unexplored:waratah":1,"minecraft:cooked_mutton":4,"regions_unexplored:aster":7,"regions_unexplored:large_prismarite_cluster":17,"iceandfire:armor_green_chestplate":1,"minecraft:apple":43,"minecraft:kelp":10,"minecraft:iron_ingot":1,"minecraft:glass_bottle":4,"minecraft:iron_sword":1,"iceandfire:fire_dragon_flesh":1,"minecraft:flowering_azalea":7,"regions_unexplored:orange_maple_leaf_pile":21,"regions_unexplored:silver_birch_sapling":1,"minecraft:book":1,"iceandfire:chared_stone":1,"regions_unexplored:eucalyptus_sapling":30,"minecraft:milk_bucket":1,"iceandfire:dragonbone_sword":3,"minecraft:quartz":271,"minecraft:gravel":22,"minecraft:white_bed":6,"regions_unexplored:enchanted_birch_sapling":26,"minecraft:spider_eye":3,"regions_unexplored:fireweed":5,"minecraft:stone_axe":1,"regions_unexplored:blackwood_sapling":5,"regions_unexplored:silver_birch_log":89,"minecraft:iron_helmet":1,"minecraft:cherry_sapling":3,"regions_unexplored:maple_log":1,"minecraft:gray_wool":2,"regions_unexplored:magnolia_fence":81,"minecraft:dark_oak_wood":1,"iceandfire:chared_gravel":2,"minecraft:coal":47}},"DataVersion":3465}