{"stats":{"minecraft:crafted":{"minecraft:cooked_chicken":3,"regions_unexplored:mauve_fence":133,"minecraft:cooked_mutton":1,"minecraft:quartz_block":3,"minecraft:glass":6,"minecraft:chest":1,"regions_unexplored:eucalyptus_stairs":10,"minecraft:glass_bottle":3,"minecraft:wooden_shovel":2,"minecraft:cooked_porkchop":18,"minecraft:crafting_table":1,"minecraft:wooden_pickaxe":1,"regions_unexplored:mauve_button":12,"minecraft:copper_ingot":7,"regions_unexplored:mauve_stairs":8,"minecraft:iron_ingot":47,"minecraft:iron_pickaxe":1,"minecraft:fishing_rod":1,"minecraft:furnace":1,"regions_unexplored:mauve_fence_gate":3,"minecraft:netherite_chestplate":2,"minecraft:netherite_leggings":1,"regions_unexplored:mauve_planks":222,"minecraft:iron_axe":4,"minecraft:iron_hoe":2,"minecraft:stone_pickaxe":4,"minecraft:netherite_scrap":2,"minecraft:golden_helmet":1,"minecraft:cooked_beef":62,"minecraft:sugar":3,"minecraft:diamond_sword":1,"minecraft:bucket":1,"minecraft:stone_axe":2,"mysticsbiomes:strawberry_fence":6,"minecraft:air":0,"regions_unexplored:eucalyptus_planks":512,"minecraft:wooden_axe":3,"minecraft:torch":8},"minecraft:custom":{"minecraft:animals_bred":1,"minecraft:interact_with_crafting_table":68,"minecraft:open_barrel":6,"minecraft:leave_game":11,"minecraft:time_since_death":5234,"minecraft:sprint_one_cm":2596760,"minecraft:drop":1058,"minecraft:talked_to_villager":2,"minecraft:play_time":1254734,"minecraft:deaths":53,"minecraft:jump":10828,"minecraft:interact_with_brewingstand":1,"minecraft:walk_on_water_one_cm":75837,"minecraft:enchant_item":2,"minecraft:interact_with_furnace":47,"minecraft:interact_with_cartography_table":2,"minecraft:interact_with_loom":1,"minecraft:sleep_in_bed":40,"minecraft:damage_dealt":27352,"minecraft:player_kills":1,"minecraft:crouch_one_cm":244369,"minecraft:interact_with_smithing_table":9,"minecraft:horse_one_cm":13504,"minecraft:interact_with_anvil":37,"minecraft:mob_kills":142,"minecraft:damage_dealt_resisted":133,"minecraft:climb_one_cm":23876,"minecraft:walk_one_cm":4465209,"minecraft:sneak_time":91687,"minecraft:walk_under_water_one_cm":56427,"minecraft:interact_with_lectern":2,"minecraft:interact_with_blast_furnace":1,"minecraft:total_world_time":1254734,"minecraft:tune_noteblock":5,"minecraft:interact_with_grindstone":1,"minecraft:time_since_rest":5257,"minecraft:damage_taken":23162,"minecraft:swim_one_cm":40326,"minecraft:fly_one_cm":1047947,"minecraft:open_chest":523,"minecraft:fish_caught":2,"minecraft:fall_one_cm":249924},"minecraft:picked_up":{"minecraft:iron_chestplate":3,"iceandfire:copper_sword":3,"minecraft:anvil":1,"regions_unexplored:magnolia_log":71,"artifacts:bunny_hoppers":1,"minecraft:lead":9,"minecraft:diamond_sword":2,"regions_unexplored:silt_dirt":8,"enemyexpansion:wasp_thorax":2,"regions_unexplored:eucalyptus_planks":444,"minecraft:amethyst_block":2,"iceandfire:armor_silver_metal_chestplate":1,"iceandfire:manuscript":6,"minecraft:string":11,"regions_unexplored:prismarite_cluster":67,"minecraft:raw_copper":16,"minecraft:iron_leggings":2,"minecraft:netherite_ingot":15,"minecraft:pufferfish":1,"minecraft:experience_bottle":1,"minecraft:beetroot":27,"regions_unexplored:enchanted_birch_shrub":5,"minecraft:diamond_leggings":1,"minecraft:gold_nugget":111,"minecraft:cobbled_deepslate":385,"minecraft:bucket":2,"minecraft:rose_bush":12,"minecraft:calcite":4,"minecraft:netherite_upgrade_smithing_template":2,"minecraft:iron_pickaxe":2,"regions_unexplored:blackwood_log":74,"minecraft:iron_boots":1,"regions_unexplored:redwood_log":24,"minecraft:golden_helmet":1,"iceandfire:pixie_dust":1,"minecraft:stick":203,"regions_unexplored:corpse_flower":1,"minecraft:big_dripleaf":4,"minecraft:torch":22,"deeperdarker:heart_of_the_deep":1,"minecraft:snow_block":1,"minecraft:porkchop":16,"regions_unexplored:mauve_fence_gate":1,"iceandfire:dragonsteel_ice_chestplate":1,"minecraft:cherry_log":12,"regions_unexplored:raw_redstone_block":1,"minecraft:diorite":13,"minecraft:golden_chestplate":1,"regions_unexplored:daisy":1,"regions_unexplored:barley":3,"minecraft:quartz_block":2,"minecraft:honey_bottle":2,"minecraft:rotten_flesh":75,"regions_unexplored:tsubaki":2,"regions_unexplored:mauve_log":654,"iceandfire:fire_dragon_heart":1,"undead_revamp2:arapholia":2,"regions_unexplored:magnolia_sapling":34,"minecraft:cod":12,"alexsmobs:flying_fish":10,"minecraft:cobblestone":164,"deeperdarker:cobbled_sculk_stone":33,"minecraft:pink_petals":4,"minecraft:magma_block":5,"minecraft:feather":4,"minecraft:cooked_beef":68,"minecraft:water_bucket":1,"minecraft:andesite":6,"minecraft:potato":2,"minecraft:flint":2,"deeperdarker:echo_sapling":2,"minecraft:tuff":61,"undead_revamp2:huntereye":1,"minecraft:lapis_lazuli":7,"minecraft:dirt":1354,"minecraft:disc_fragment_5":4,"minecraft:name_tag":9,"minecraft:glass":3,"minecraft:bone":21,"undead_revamp2:blacpetalblock":3,"minecraft:wheat_seeds":147,"minecraft:orange_tulip":1,"minecraft:raw_gold":2,"croptopia:roe":10,"regions_unexplored:dropleaf":2,"regions_unexplored:mauve_stairs":3,"minecraft:pink_concrete":1,"regions_unexplored:mycotoxic_mushrooms":2,"minecraft:cooked_porkchop":11,"mysticsbiomes:strawberry_planks":40,"regions_unexplored:eucalyptus_stairs":33,"regions_unexplored:salmonberry":1,"minecraft:sand":6,"minecraft:jungle_planks":66,"iceandfire:lightning_dragon_heart":1,"farmersdelight:ham":1,"alexsmobs:animal_dictionary":1,"minecraft:mossy_cobblestone":8,"regions_unexplored:mauve_planks":134,"regions_unexplored:hyssop":21,"alexsmobs:kangaroo_hide":2,"minecraft:diamond":40,"regions_unexplored:clover":30,"iceandfire:dragon_ice":1,"minecraft:cracked_polished_blackstone_bricks":1,"minecraft:granite":54,"minecraft:bone_meal":3,"minecraft:emerald":6,"minecraft:bread":34,"regions_unexplored:magnolia_fence_gate":1,"minecraft:oak_sapling":1,"minecraft:netherrack":2752,"iceandfire:silver_nugget":64,"minecraft:bricks":2,"iceandfire:raw_silver":7,"minecraft:diamond_pickaxe":3,"minecraft:crafting_table":2,"regions_unexplored:mycotoxic_grass":3,"minecraft:chicken":3,"minecraft:ladder":1,"minecraft:wooden_pickaxe":4,"regions_unexplored:mycotoxic_daisy":2,"minecraft:diamond_horse_armor":1,"regions_unexplored:blue_bioshroom":1,"gravestone:obituary":20,"regions_unexplored:red_maple_leaf_pile":34,"minecraft:moss_carpet":2,"minecraft:wooden_sword":2,"minecraft:flint_and_steel":1,"minecraft:iron_shovel":2,"regions_unexplored:orange_maple_sapling":2,"minecraft:blackstone":5,"regions_unexplored:mauve_fence":10,"deeperdarker:warden_carapace":2,"minecraft:beef":80,"regions_unexplored:mauve_shrub":7,"regions_unexplored:maple_leaf_pile":3,"minecraft:chest":5,"minecraft:diamond_hoe":1,"minecraft:egg":5,"minecraft:raw_iron":68,"regions_unexplored:silver_birch_leaf_pile":22,"minecraft:copper_ingot":3,"minecraft:fire_charge":1,"minecraft:polished_blackstone_bricks":1,"minecraft:redstone":43,"regions_unexplored:dusktrap":1,"iceandfire:silver_ingot":8,"minecraft:arrow":12,"regions_unexplored:enchanted_birch_leaf_pile":371,"minecraft:stone_shovel":4,"regions_unexplored:mauve_sapling":188,"regions_unexplored:redstone_bulb":1,"regions_unexplored:maple_sapling":2,"minecraft:beetroot_seeds":72,"minecraft:deepslate_bricks":2,"minecraft:cracked_deepslate_bricks":1,"minecraft:diamond_boots":1,"croptopia:sea_lettuce":1,"minecraft:gold_ingot":1,"minecraft:saddle":1,"iceandfire:armor_sapphire_boots":2,"minecraft:mutton":2,"minecraft:cracked_deepslate_tiles":1,"alexsmobs:kangaroo_meat":3,"minecraft:white_wool":2,"minecraft:stripped_oak_log":4,"regions_unexplored:hanging_prismarite":36,"regions_unexplored:eucalyptus_log":175,"iceandfire:dragonsteel_ice_helmet":1,"minecraft:salmon":2,"minecraft:leather":69,"iceandfire:armor_sapphire_leggings":2,"minecraft:red_mushroom":6,"regions_unexplored:meadow_sage":2,"minecraft:birch_planks":1,"artifacts:onion_ring":1,"alexsmobs:cachalot_whale_tooth":2,"regions_unexplored:stripped_mauve_log":3,"minecraft:oak_log":2,"minecraft:ancient_debris":26,"regions_unexplored:red_maple_sapling":1,"minecraft:yellow_bed":4,"minecraft:gunpowder":1,"regions_unexplored:salmon_poppy_bush":3,"regions_unexplored:tassel":35,"minecraft:white_banner":1,"regions_unexplored:waratah":1,"minecraft:cooked_mutton":4,"regions_unexplored:aster":7,"regions_unexplored:large_prismarite_cluster":17,"iceandfire:armor_green_chestplate":1,"minecraft:apple":43,"minecraft:kelp":10,"minecraft:iron_ingot":2,"minecraft:glass_bottle":4,"minecraft:iron_sword":1,"iceandfire:fire_dragon_flesh":1,"minecraft:flowering_azalea":7,"regions_unexplored:orange_maple_leaf_pile":21,"regions_unexplored:silver_birch_sapling":1,"minecraft:book":1,"iceandfire:chared_stone":1,"regions_unexplored:eucalyptus_sapling":30,"minecraft:smooth_basalt":3,"minecraft:milk_bucket":1,"iceandfire:dragonbone_sword":3,"minecraft:quartz":501,"minecraft:gravel":23,"minecraft:amethyst_shard":1,"minecraft:white_bed":6,"regions_unexplored:enchanted_birch_sapling":26,"minecraft:spider_eye":3,"deeperdarker:sculk_bone":5,"regions_unexplored:fireweed":5,"minecraft:stone_axe":1,"regions_unexplored:blackwood_sapling":5,"regions_unexplored:silver_birch_log":89,"minecraft:iron_helmet":1,"minecraft:cherry_sapling":3,"regions_unexplored:maple_log":1,"minecraft:gray_wool":2,"regions_unexplored:magnolia_fence":81,"minecraft:dark_oak_wood":1,"iceandfire:chared_gravel":2,"minecraft:coal":191},"minecraft:killed_by":{"undead_revamp2:the_moonflower":4,"iceandfire:cyclops":2,"minecraft:piglin_brute":12,"minecraft:creeper":2,"minecraft:pillager":1,"iceandfire:ice_dragon":1,"minecraft:zombie":1,"iceandfire:fire_dragon":7,"minecraft:player":3,"minecraft:spider":1,"alexsmobs:tiger":1,"minecraft:warden":2,"minecraft:skeleton":3,"iceandfire:lightning_dragon":3,"enemyexpansion:direwolf":1},"minecraft:broken":{"minecraft:golden_helmet":1,"minecraft:wooden_shovel":2,"minecraft:stone_pickaxe":1,"minecraft:wooden_sword":1,"minecraft:stone_axe":3,"minecraft:wooden_axe":3,"minecraft:stone_shovel":3,"minecraft:iron_axe":1},"minecraft:used":{"regions_unexplored:silt_dirt":8,"minecraft:cherry_sapling":3,"deeperdarker:heart_of_the_deep":1,"minecraft:iron_shovel":286,"minecraft:diamond_hoe":2817,"regions_unexplored:mauve_log":16,"minecraft:chest":7,"regions_unexplored:salmonberry":1,"regions_unexplored:eucalyptus_stairs":29,"minecraft:iron_sword":181,"regions_unexplored:mauve_fence_gate":4,"regions_unexplored:waratah":1,"minecraft:cracked_deepslate_tiles":1,"regions_unexplored:mauve_sapling":5,"regions_unexplored:prismarite_cluster":5,"minecraft:milk_bucket":1,"minecraft:honey_bottle":4,"regions_unexplored:magnolia_fence":12,"minecraft:lava_bucket":14,"regions_unexplored:eucalyptus_planks":553,"minecraft:quartz_block":5,"regions_unexplored:aster":3,"mysticsbiomes:strawberry_sapling":3,"regions_unexplored:blue_bioshroom":1,"minecraft:furnace":1,"minecraft:egg":5,"minecraft:potato":2,"regions_unexplored:silver_birch_log":1,"regions_unexplored:redstone_bulb":1,"minecraft:stone_pickaxe":131,"regions_unexplored:large_prismarite_cluster":11,"minecraft:blackstone":3,"minecraft:wooden_pickaxe":222,"regions_unexplored:tassel":3,"regions_unexplored:raw_redstone_block":1,"regions_unexplored:dusktrap":1,"minecraft:crossbow":1,"regions_unexplored:mauve_planks":60,"regions_unexplored:fireweed":5,"iceandfire:dragonbone_sword":192,"minecraft:melon_slice":6,"minecraft:bread":39,"regions_unexplored:blackwood_sapling":4,"regions_unexplored:mauve_stairs":9,"regions_unexplored:mauve_fence":146,"minecraft:gravel":1,"minecraft:diamond_sword":54,"minecraft:wooden_sword":46,"regions_unexplored:red_maple_sapling":1,"minecraft:experience_bottle":3,"minecraft:rose_bush":3,"regions_unexplored:mauve_shrub":1,"farmersdelight:diamond_knife":2,"minecraft:cracked_deepslate_bricks":1,"minecraft:stone_shovel":421,"undead_revamp2:blacpetalblock":2,"minecraft:wooden_shovel":129,"minecraft:netherrack":121,"minecraft:anvil":1,"minecraft:torch":29,"minecraft:dirt":1180,"iceandfire:copper_sword":282,"iceandfire:pixie_dust":1,"regions_unexplored:eucalyptus_log":1,"regions_unexplored:magnolia_log":1,"minecraft:granite":11,"regions_unexplored:hyssop":19,"minecraft:iron_hoe":15,"minecraft:wooden_axe":184,"regions_unexplored:daisy":1,"minecraft:iron_axe":741,"regions_unexplored:enchanted_birch_sapling":18,"minecraft:golden_carrot":9,"regions_unexplored:meadow_sage":3,"regions_unexplored:enchanted_birch_shrub":3,"minecraft:cooked_beef":80,"minecraft:cobbled_deepslate":111,"minecraft:enchanted_golden_apple":1,"regions_unexplored:blackwood_log":33,"minecraft:cooked_mutton":2,"minecraft:wheat_seeds":2,"minecraft:water_bucket":2,"minecraft:lead":1,"minecraft:birch_planks":1,"minecraft:glass_bottle":5,"regions_unexplored:tsubaki":1,"minecraft:polished_blackstone_bricks":1,"regions_unexplored:corpse_flower":1,"minecraft:pink_concrete":1,"farmersdelight:onion":2,"minecraft:crafting_table":2,"minecraft:white_bed":6,"farmersdelight:smoked_ham":1,"minecraft:diamond_pickaxe":8436,"minecraft:apple":11,"minecraft:iron_pickaxe":385,"regions_unexplored:dropleaf":1,"minecraft:stone_axe":465,"iceandfire:chared_gravel":2,"minecraft:fishing_rod":10,"minecraft:cobblestone":36,"minecraft:cooked_porkchop":5,"minecraft:bucket":16,"minecraft:yellow_bed":3,"minecraft:stripped_oak_log":4},"minecraft:killed":{"minecraft:zombified_piglin":3,"minecraft:spider":6,"minecraft:cod":10,"minecraft:skeleton":10,"minecraft:chicken":1,"undead_revamp2:therod":1,"alexsmobs:kangaroo":1,"minecraft:piglin":5,"minecraft:pig":7,"minecraft:zombie_villager":1,"minecraft:sheep":1,"minecraft:trader_llama":1,"minecraft:pillager":3,"minecraft:zombie":25,"enemyexpansion:wasp":2,"minecraft:cow":27,"undead_revamp2:thehunter":3,"enemyexpansion:direwolf":4,"deeperdarker:shattered":2,"minecraft:warden":1,"undead_revamp2:sucker":2,"enemyexpansion:goblin":1,"alexsmobs:flying_fish":9,"undead_revamp2:the_moonflower":11,"enemyexpansion:huntsman":2},"minecraft:mined":{"regions_unexplored:salmonberry_bush":2,"minecraft:white_bed":5,"regions_unexplored:blue_lupine":1,"regions_unexplored:maple_log":24,"minecraft:sculk_vein":86,"regions_unexplored:magnolia_log":4,"regions_unexplored:hanging_prismarite":34,"minecraft:granite":9,"deeperdarker:sculk_vines_plant":2,"minecraft:grass_block":649,"minecraft:cracked_polished_blackstone_bricks":1,"minecraft:deepslate_bricks":2,"regions_unexplored:blue_bioshroom":1,"minecraft:spawner":4,"minecraft:polished_blackstone_bricks":1,"minecraft:tall_seagrass":4,"regions_unexplored:mauve_fence":8,"minecraft:sculk_catalyst":10,"minecraft:iron_ore":31,"deeperdarker:sculk_stone_diamond_ore":1,"deeperdarker:sculk_grime":1,"minecraft:sculk_shrieker":20,"regions_unexplored:maple_leaf_pile":1,"iceandfire:gold_pile":8,"regions_unexplored:mauve_shrub":7,"regions_unexplored:prismoss":2,"regions_unexplored:stripped_mauve_log":2,"regions_unexplored:enchanted_birch_leaf_pile":134,"regions_unexplored:mauve_fence_gate":1,"regions_unexplored:mauve_stairs":3,"minecraft:blackstone":10,"minecraft:kelp_plant":5,"regions_unexplored:magnolia_fence":1,"deeperdarker:sculk_stone":31,"minecraft:powder_snow":1,"minecraft:torch":12,"regions_unexplored:mycotoxic_daisy":1,"minecraft:calcite":4,"minecraft:chest":4,"minecraft:dead_bush":2,"minecraft:nether_quartz_ore":366,"minecraft:cobblestone":32,"regions_unexplored:meadow_sage":2,"minecraft:oak_planks":1,"minecraft:bricks":2,"minecraft:wall_torch":4,"regions_unexplored:tsubaki":1,"minecraft:amethyst_block":2,"regions_unexplored:hyssop":21,"minecraft:wheat":3,"regions_unexplored:mauve_planks":2,"minecraft:orange_tulip":1,"minecraft:grass":322,"minecraft:cracked_deepslate_tiles":1,"minecraft:oak_log":6,"regions_unexplored:eucalyptus_log":179,"minecraft:beetroots":2,"minecraft:sand":6,"minecraft:dirt":292,"regions_unexplored:clover":6,"minecraft:smooth_basalt":3,"regions_unexplored:prismoss_sprout":5,"minecraft:ancient_debris":22,"minecraft:netherrack":7550,"minecraft:deepslate":396,"regions_unexplored:fireweed":5,"minecraft:nether_gold_ore":2,"minecraft:tuff":66,"iceandfire:silver_ore":6,"regions_unexplored:barley":1,"minecraft:deepslate_diamond_ore":30,"regions_unexplored:dusktrap":3,"minecraft:ladder":1,"gravestone:gravestone":46,"minecraft:jungle_planks":6,"regions_unexplored:aster":7,"iceandfire:chared_dirt":1,"minecraft:kelp":4,"minecraft:red_mushroom":1,"regions_unexplored:eucalyptus_stairs":13,"regions_unexplored:large_prismarite_cluster":17,"regions_unexplored:raw_redstone_block":1,"minecraft:large_fern":1,"minecraft:redstone_ore":5,"deeperdarker:sculk_stone_iron_ore":16,"regions_unexplored:waratah":1,"iceandfire:chared_gravel":2,"mysticsbiomes:maple_leaves":1,"minecraft:potatoes":1,"minecraft:deepslate_iron_ore":15,"regions_unexplored:enchanted_birch_shrub":5,"minecraft:vine":3,"regions_unexplored:apple_oak_leaves":3,"regions_unexplored:medium_grass":402,"regions_unexplored:orange_maple_leaf_pile":3,"regions_unexplored:redwood_log":25,"minecraft:stone":116,"regions_unexplored:windswept_grass":3,"regions_unexplored:enchanted_birch_sapling":1,"regions_unexplored:redstone_bulb":1,"minecraft:crafting_table":1,"regions_unexplored:salmon_poppy_bush":3,"minecraft:rose_bush":10,"minecraft:sculk_sensor":52,"regions_unexplored:blackwood_log":124,"minecraft:tall_grass":3,"regions_unexplored:mauve_log":580,"minecraft:deepslate_gold_ore":2,"regions_unexplored:daisy":1,"minecraft:cracked_deepslate_bricks":2,"minecraft:sculk":2679,"regions_unexplored:prismarite_cluster":67,"minecraft:diorite":15,"minecraft:birch_planks":1,"regions_unexplored:redstone_bud":4,"regions_unexplored:red_maple_leaf_pile":2,"minecraft:bee_nest":1,"minecraft:yellow_bed":4,"minecraft:coal_ore":91,"minecraft:mycelium":1,"regions_unexplored:mycotoxic_mushrooms":1,"regions_unexplored:silver_birch_log":90,"minecraft:gravel":4,"regions_unexplored:blackwood_leaves":15,"regions_unexplored:eucalyptus_planks":252,"regions_unexplored:tassel":31,"minecraft:fern":1},"minecraft:dropped":{"regions_unexplored:dropleaf":1,"minecraft:moss_block":5,"minecraft:birch_planks":4,"minecraft:cooked_beef":53,"minecraft:oak_log":2,"minecraft:glass_bottle":2,"minecraft:cooked_porkchop":17,"minecraft:orange_tulip":1,"minecraft:leather":19,"minecraft:jungle_planks":66,"regions_unexplored:magnolia_sapling":20,"minecraft:red_mushroom":6,"minecraft:flint":1,"minecraft:emerald":2,"regions_unexplored:red_maple_leaf_pile":34,"minecraft:dirt":179,"minecraft:dark_oak_wood":1,"regions_unexplored:stripped_mauve_log":1,"regions_unexplored:mauve_fence":3,"minecraft:gold_nugget":23,"gravestone:obituary":74,"minecraft:wooden_sword":1,"regions_unexplored:prismarite_cluster":1,"regions_unexplored:maple_log":1,"minecraft:sugar":3,"minecraft:iron_pickaxe":1,"minecraft:fishing_rod":1,"regions_unexplored:mauve_sapling":59,"minecraft:bone":13,"minecraft:gravel":13,"undead_revamp2:huntereye":1,"minecraft:stone_axe":1,"minecraft:blackstone":2,"alexsmobs:animal_dictionary":1,"minecraft:cobbled_deepslate":5,"minecraft:beetroot":25,"minecraft:rotten_flesh":60,"minecraft:enchanted_golden_apple":1,"minecraft:oak_planks":1,"regions_unexplored:maple_sapling":2,"regions_unexplored:mauve_shrub":3,"minecraft:cooked_mutton":3,"minecraft:honey_bottle":4,"alexsmobs:cachalot_whale_tooth":1,"patchouli:guide_book":1,"regions_unexplored:eucalyptus_planks":149,"minecraft:beetroot_seeds":66,"minecraft:chest":1,"regions_unexplored:eucalyptus_sapling":1,"minecraft:arrow":6,"minecraft:netherrack":1903,"iceandfire:manuscript":6,"minecraft:enchanted_book":3,"farmersdelight:tomato_seeds":1,"regions_unexplored:tsubaki":1,"iceandfire:dragonbone_sword":1,"minecraft:bread":2,"regions_unexplored:fireweed":5,"minecraft:wheat_seeds":156,"minecraft:golden_helmet":5,"minecraft:cherry_log":12,"minecraft:mossy_cobblestone":8,"regions_unexplored:eucalyptus_stairs":2,"minecraft:lead":3,"minecraft:iron_helmet":1,"minecraft:feather":1,"minecraft:cobblestone":8,"regions_unexplored:silver_birch_sapling":1,"minecraft:apple":1,"regions_unexplored:tassel":48,"minecraft:granite":20,"minecraft:disc_fragment_5":11,"regions_unexplored:enchanted_birch_leaf_pile":213,"minecraft:coal":17,"minecraft:golden_apple":1,"minecraft:pufferfish":1,"regions_unexplored:enchanted_birch_shrub":2,"regions_unexplored:enchanted_birch_sapling":7,"minecraft:diorite":2,"regions_unexplored:salmon_poppy_bush":4,"regions_unexplored:orange_maple_sapling":2,"regions_unexplored:eucalyptus_log":47,"iceandfire:armor_green_chestplate":1,"minecraft:rose_bush":2,"regions_unexplored:mycotoxic_daisy":2,"regions_unexplored:barley":5,"enemyexpansion:wasp_thorax":1,"minecraft:iron_leggings":2,"minecraft:iron_axe":1,"regions_unexplored:silver_birch_leaf_pile":22,"minecraft:string":6,"minecraft:bucket":2,"minecraft:redstone":9,"minecraft:snow_block":1,"iceandfire:silver_nugget":64,"croptopia:sea_lettuce":1,"minecraft:bricks":2,"minecraft:anvil":2,"regions_unexplored:magnolia_fence":42,"minecraft:moss_carpet":2,"minecraft:kelp":10,"minecraft:netherite_ingot":13,"minecraft:raw_copper":7,"minecraft:stone_shovel":1,"regions_unexplored:clover":30,"minecraft:iron_boots":2,"minecraft:iron_hoe":1,"regions_unexplored:mauve_planks":1,"regions_unexplored:hyssop":2,"regions_unexplored:mauve_log":81,"regions_unexplored:aster":1,"iceandfire:dragon_ice":1,"minecraft:diamond_sword":2,"regions_unexplored:maple_leaf_pile":3,"iceandfire:copper_sword":1,"iceandfire:chared_cobblestone":1,"mysticsbiomes:strawberry_fence":6,"minecraft:iron_chestplate":3,"minecraft:diamond_pickaxe":1,"minecraft:andesite":1,"regions_unexplored:blackwood_sapling":1,"minecraft:oak_sapling":1,"minecraft:spider_eye":3,"pfm:furniture_book":1,"minecraft:stone_pickaxe":4,"minecraft:wooden_pickaxe":3,"regions_unexplored:orange_maple_leaf_pile":21,"minecraft:magma_block":5}},"DataVersion":3465}