{"stats":{"minecraft:killed_by":{"iceandfire:cyclops":2,"minecraft:creeper":1,"iceandfire:ice_dragon":1,"minecraft:zombie":1,"iceandfire:fire_dragon":4,"minecraft:player":1,"minecraft:spider":1,"alexsmobs:tiger":1},"minecraft:used":{"regions_unexplored:silt_dirt":8,"minecraft:cherry_sapling":3,"minecraft:chest":7,"minecraft:iron_sword":96,"regions_unexplored:mauve_fence_gate":4,"regions_unexplored:waratah":1,"regions_unexplored:mauve_sapling":5,"regions_unexplored:prismarite_cluster":5,"minecraft:honey_bottle":4,"regions_unexplored:aster":2,"mysticsbiomes:strawberry_sapling":3,"regions_unexplored:blue_bioshroom":1,"minecraft:furnace":1,"minecraft:egg":2,"minecraft:potato":2,"minecraft:stone_pickaxe":131,"regions_unexplored:large_prismarite_cluster":11,"minecraft:wooden_pickaxe":222,"regions_unexplored:tassel":3,"regions_unexplored:dusktrap":1,"regions_unexplored:mauve_planks":3,"regions_unexplored:fireweed":5,"minecraft:melon_slice":6,"regions_unexplored:blackwood_sapling":4,"minecraft:bread":21,"regions_unexplored:mauve_stairs":9,"regions_unexplored:mauve_fence":145,"minecraft:gravel":1,"minecraft:diamond_sword":28,"minecraft:wooden_sword":46,"regions_unexplored:red_maple_sapling":1,"minecraft:rose_bush":3,"regions_unexplored:mauve_shrub":1,"minecraft:stone_shovel":421,"minecraft:wooden_shovel":129,"minecraft:torch":20,"minecraft:dirt":813,"iceandfire:copper_sword":247,"regions_unexplored:eucalyptus_log":1,"regions_unexplored:magnolia_log":1,"minecraft:granite":11,"regions_unexplored:hyssop":14,"minecraft:wooden_axe":184,"regions_unexplored:daisy":1,"regions_unexplored:enchanted_birch_sapling":18,"regions_unexplored:meadow_sage":3,"regions_unexplored:enchanted_birch_shrub":3,"minecraft:cooked_beef":25,"minecraft:cobbled_deepslate":111,"minecraft:cooked_mutton":2,"minecraft:wheat_seeds":2,"minecraft:lead":1,"minecraft:glass_bottle":5,"regions_unexplored:tsubaki":1,"farmersdelight:onion":2,"minecraft:crafting_table":2,"minecraft:white_bed":6,"minecraft:apple":11,"minecraft:iron_pickaxe":371,"minecraft:stone_axe":465,"iceandfire:chared_gravel":2,"minecraft:cobblestone":5,"minecraft:cooked_porkchop":4,"minecraft:yellow_bed":3,"minecraft:stripped_oak_log":4},"minecraft:custom":{"minecraft:interact_with_crafting_table":46,"minecraft:time_since_death":91747,"minecraft:sprint_one_cm":1249724,"minecraft:drop":479,"minecraft:talked_to_villager":1,"minecraft:play_time":553847,"minecraft:deaths":18,"minecraft:jump":4908,"minecraft:interact_with_brewingstand":1,"minecraft:walk_on_water_one_cm":48802,"minecraft:interact_with_furnace":33,"minecraft:interact_with_cartography_table":1,"minecraft:interact_with_loom":1,"minecraft:sleep_in_bed":14,"minecraft:damage_dealt":12035,"minecraft:crouch_one_cm":45765,"minecraft:horse_one_cm":5174,"minecraft:mob_kills":86,"minecraft:interact_with_anvil":1,"minecraft:climb_one_cm":10758,"minecraft:walk_one_cm":2176450,"minecraft:sneak_time":22886,"minecraft:walk_under_water_one_cm":39629,"minecraft:interact_with_blast_furnace":1,"minecraft:total_world_time":553847,"minecraft:time_since_rest":91877,"minecraft:damage_taken":7977,"minecraft:swim_one_cm":31120,"minecraft:fly_one_cm":295727,"minecraft:open_chest":202,"minecraft:fall_one_cm":65960},"minecraft:picked_up":{"minecraft:iron_chestplate":2,"iceandfire:copper_sword":3,"regions_unexplored:magnolia_log":71,"minecraft:lead":6,"minecraft:diamond_sword":1,"regions_unexplored:silt_dirt":8,"iceandfire:armor_silver_metal_chestplate":1,"iceandfire:manuscript":6,"minecraft:string":8,"regions_unexplored:prismarite_cluster":67,"minecraft:raw_copper":16,"minecraft:iron_leggings":1,"regions_unexplored:enchanted_birch_shrub":3,"minecraft:gold_nugget":110,"minecraft:cobbled_deepslate":215,"minecraft:rose_bush":12,"minecraft:iron_pickaxe":2,"regions_unexplored:blackwood_log":74,"regions_unexplored:redwood_log":22,"minecraft:stick":140,"minecraft:big_dripleaf":4,"minecraft:torch":20,"regions_unexplored:mauve_fence_gate":1,"minecraft:porkchop":16,"minecraft:cherry_log":12,"minecraft:golden_chestplate":1,"regions_unexplored:daisy":1,"regions_unexplored:barley":3,"minecraft:honey_bottle":2,"minecraft:rotten_flesh":36,"regions_unexplored:tsubaki":2,"regions_unexplored:mauve_log":454,"iceandfire:fire_dragon_heart":1,"regions_unexplored:magnolia_sapling":34,"minecraft:cod":12,"alexsmobs:flying_fish":10,"minecraft:cobblestone":46,"minecraft:pink_petals":4,"minecraft:feather":4,"minecraft:cooked_beef":22,"minecraft:andesite":5,"minecraft:potato":2,"minecraft:flint":2,"minecraft:tuff":42,"minecraft:lapis_lazuli":7,"minecraft:dirt":1155,"minecraft:name_tag":1,"minecraft:glass":3,"minecraft:bone":9,"minecraft:orange_tulip":1,"minecraft:wheat_seeds":56,"minecraft:raw_gold":2,"croptopia:roe":10,"regions_unexplored:dropleaf":1,"regions_unexplored:mauve_stairs":3,"minecraft:cooked_porkchop":11,"mysticsbiomes:strawberry_planks":40,"minecraft:sand":6,"alexsmobs:animal_dictionary":1,"minecraft:mossy_cobblestone":8,"regions_unexplored:mauve_planks":5,"regions_unexplored:hyssop":17,"minecraft:diamond":26,"iceandfire:dragon_ice":1,"regions_unexplored:clover":30,"minecraft:granite":54,"minecraft:bone_meal":3,"minecraft:emerald":4,"minecraft:bread":34,"regions_unexplored:magnolia_fence_gate":1,"iceandfire:silver_nugget":64,"iceandfire:raw_silver":4,"minecraft:crafting_table":2,"minecraft:chicken":3,"minecraft:wooden_pickaxe":4,"minecraft:diamond_horse_armor":1,"regions_unexplored:blue_bioshroom":1,"gravestone:obituary":5,"regions_unexplored:red_maple_leaf_pile":34,"minecraft:moss_carpet":2,"minecraft:wooden_sword":2,"minecraft:flint_and_steel":1,"minecraft:iron_shovel":1,"regions_unexplored:orange_maple_sapling":2,"regions_unexplored:mauve_fence":10,"minecraft:beef":77,"regions_unexplored:mauve_shrub":4,"regions_unexplored:maple_leaf_pile":3,"minecraft:chest":5,"minecraft:egg":2,"minecraft:raw_iron":35,"regions_unexplored:silver_birch_leaf_pile":22,"minecraft:fire_charge":1,"minecraft:redstone":23,"regions_unexplored:dusktrap":1,"minecraft:stone_shovel":4,"regions_unexplored:enchanted_birch_leaf_pile":201,"iceandfire:silver_ingot":8,"minecraft:arrow":1,"regions_unexplored:mauve_sapling":139,"regions_unexplored:maple_sapling":2,"minecraft:diamond_boots":1,"croptopia:sea_lettuce":1,"minecraft:saddle":1,"iceandfire:armor_sapphire_boots":1,"minecraft:mutton":2,"minecraft:white_wool":1,"minecraft:stripped_oak_log":4,"regions_unexplored:hanging_prismarite":36,"minecraft:salmon":1,"minecraft:leather":69,"iceandfire:armor_sapphire_leggings":1,"regions_unexplored:meadow_sage":2,"regions_unexplored:stripped_mauve_log":3,"minecraft:oak_log":1,"regions_unexplored:red_maple_sapling":1,"minecraft:yellow_bed":4,"regions_unexplored:salmon_poppy_bush":3,"regions_unexplored:tassel":18,"regions_unexplored:waratah":1,"minecraft:cooked_mutton":2,"regions_unexplored:aster":3,"regions_unexplored:large_prismarite_cluster":17,"minecraft:apple":24,"iceandfire:armor_green_chestplate":1,"minecraft:kelp":10,"minecraft:iron_ingot":1,"minecraft:glass_bottle":4,"minecraft:iron_sword":1,"iceandfire:fire_dragon_flesh":1,"minecraft:flowering_azalea":7,"regions_unexplored:orange_maple_leaf_pile":21,"minecraft:book":1,"regions_unexplored:silver_birch_sapling":1,"iceandfire:chared_stone":1,"regions_unexplored:eucalyptus_sapling":1,"minecraft:gravel":22,"minecraft:white_bed":6,"regions_unexplored:enchanted_birch_sapling":19,"minecraft:spider_eye":3,"regions_unexplored:fireweed":5,"minecraft:stone_axe":1,"regions_unexplored:blackwood_sapling":5,"regions_unexplored:silver_birch_log":25,"minecraft:cherry_sapling":3,"regions_unexplored:maple_log":1,"minecraft:gray_wool":2,"regions_unexplored:magnolia_fence":80,"minecraft:dark_oak_wood":1,"iceandfire:chared_gravel":2,"minecraft:coal":47},"minecraft:crafted":{"minecraft:cooked_chicken":3,"regions_unexplored:mauve_fence":133,"minecraft:cooked_mutton":1,"minecraft:glass":6,"minecraft:chest":1,"minecraft:glass_bottle":3,"minecraft:wooden_shovel":2,"minecraft:cooked_porkchop":18,"minecraft:crafting_table":1,"minecraft:wooden_pickaxe":1,"regions_unexplored:mauve_button":12,"minecraft:copper_ingot":7,"regions_unexplored:mauve_stairs":8,"minecraft:iron_ingot":18,"minecraft:iron_pickaxe":1,"minecraft:furnace":1,"regions_unexplored:mauve_fence_gate":3,"regions_unexplored:mauve_planks":222,"minecraft:stone_pickaxe":4,"minecraft:cooked_beef":59,"minecraft:sugar":3,"minecraft:stone_axe":2,"minecraft:air":0,"mysticsbiomes:strawberry_fence":6,"minecraft:wooden_axe":3},"minecraft:mined":{"minecraft:white_bed":5,"regions_unexplored:blue_lupine":1,"regions_unexplored:magnolia_log":4,"minecraft:granite":9,"regions_unexplored:hanging_prismarite":34,"minecraft:grass_block":491,"regions_unexplored:blue_bioshroom":1,"minecraft:tall_seagrass":4,"regions_unexplored:mauve_fence":8,"minecraft:iron_ore":31,"iceandfire:gold_pile":8,"regions_unexplored:maple_leaf_pile":1,"regions_unexplored:prismoss":2,"regions_unexplored:mauve_shrub":3,"regions_unexplored:stripped_mauve_log":2,"regions_unexplored:enchanted_birch_leaf_pile":75,"regions_unexplored:mauve_fence_gate":1,"regions_unexplored:mauve_stairs":3,"minecraft:kelp_plant":5,"minecraft:torch":11,"minecraft:chest":4,"minecraft:cobblestone":21,"regions_unexplored:meadow_sage":2,"minecraft:wall_torch":3,"regions_unexplored:tsubaki":1,"regions_unexplored:hyssop":18,"minecraft:wheat":3,"regions_unexplored:mauve_planks":1,"minecraft:orange_tulip":1,"minecraft:grass":149,"minecraft:sand":6,"minecraft:dirt":235,"regions_unexplored:clover":6,"regions_unexplored:prismoss_sprout":5,"minecraft:deepslate":224,"regions_unexplored:fireweed":5,"minecraft:tuff":44,"iceandfire:silver_ore":4,"minecraft:deepslate_diamond_ore":25,"regions_unexplored:barley":1,"gravestone:gravestone":15,"regions_unexplored:aster":3,"iceandfire:chared_dirt":1,"minecraft:kelp":4,"regions_unexplored:large_prismarite_cluster":17,"minecraft:large_fern":1,"minecraft:redstone_ore":5,"regions_unexplored:waratah":1,"iceandfire:chared_gravel":2,"mysticsbiomes:maple_leaves":1,"minecraft:potatoes":1,"regions_unexplored:enchanted_birch_shrub":3,"minecraft:deepslate_iron_ore":4,"minecraft:vine":2,"regions_unexplored:apple_oak_leaves":3,"regions_unexplored:medium_grass":167,"regions_unexplored:orange_maple_leaf_pile":3,"minecraft:stone":20,"regions_unexplored:redwood_log":22,"regions_unexplored:windswept_grass":2,"regions_unexplored:enchanted_birch_sapling":1,"minecraft:crafting_table":1,"regions_unexplored:salmon_poppy_bush":3,"minecraft:rose_bush":10,"regions_unexplored:blackwood_log":124,"minecraft:tall_grass":3,"regions_unexplored:mauve_log":432,"minecraft:deepslate_gold_ore":2,"regions_unexplored:daisy":1,"regions_unexplored:prismarite_cluster":67,"minecraft:bee_nest":1,"regions_unexplored:red_maple_leaf_pile":2,"minecraft:yellow_bed":4,"minecraft:coal_ore":32,"regions_unexplored:silver_birch_log":21,"minecraft:gravel":3,"regions_unexplored:blackwood_leaves":15,"minecraft:fern":1,"regions_unexplored:tassel":14},"minecraft:killed":{"minecraft:spider":5,"minecraft:cod":10,"minecraft:skeleton":6,"minecraft:chicken":1,"minecraft:pig":7,"minecraft:zombie_villager":1,"minecraft:sheep":1,"minecraft:trader_llama":1,"minecraft:zombie":17,"minecraft:cow":27,"alexsmobs:flying_fish":9},"minecraft:dropped":{"regions_unexplored:dropleaf":1,"minecraft:cooked_beef":25,"minecraft:glass_bottle":2,"minecraft:cooked_porkchop":17,"minecraft:orange_tulip":1,"minecraft:leather":19,"regions_unexplored:magnolia_sapling":18,"minecraft:flint":1,"minecraft:emerald":2,"regions_unexplored:red_maple_leaf_pile":34,"minecraft:dirt":161,"minecraft:dark_oak_wood":1,"regions_unexplored:stripped_mauve_log":1,"gravestone:obituary":11,"minecraft:gold_nugget":22,"regions_unexplored:prismarite_cluster":1,"regions_unexplored:maple_log":1,"minecraft:sugar":3,"minecraft:iron_pickaxe":1,"regions_unexplored:mauve_sapling":10,"minecraft:bone":8,"minecraft:gravel":9,"minecraft:stone_axe":1,"alexsmobs:animal_dictionary":1,"minecraft:rotten_flesh":8,"minecraft:oak_planks":1,"regions_unexplored:maple_sapling":2,"minecraft:cooked_mutton":1,"minecraft:honey_bottle":4,"minecraft:chest":1,"regions_unexplored:eucalyptus_sapling":1,"minecraft:arrow":1,"iceandfire:manuscript":6,"farmersdelight:tomato_seeds":1,"regions_unexplored:tsubaki":1,"minecraft:bread":2,"minecraft:wheat_seeds":21,"minecraft:cherry_log":12,"minecraft:mossy_cobblestone":4,"minecraft:feather":1,"minecraft:cobblestone":5,"minecraft:lead":3,"regions_unexplored:silver_birch_sapling":1,"minecraft:apple":1,"regions_unexplored:tassel":14,"minecraft:granite":20,"regions_unexplored:enchanted_birch_leaf_pile":2,"minecraft:coal":1,"regions_unexplored:salmon_poppy_bush":3,"regions_unexplored:orange_maple_sapling":2,"iceandfire:armor_green_chestplate":1,"minecraft:rose_bush":2,"regions_unexplored:barley":5,"minecraft:iron_leggings":1,"regions_unexplored:silver_birch_leaf_pile":22,"minecraft:string":2,"iceandfire:silver_nugget":64,"croptopia:sea_lettuce":1,"regions_unexplored:magnolia_fence":42,"minecraft:kelp":10,"minecraft:raw_copper":7,"minecraft:stone_shovel":1,"regions_unexplored:clover":30,"regions_unexplored:mauve_log":10,"regions_unexplored:aster":1,"iceandfire:dragon_ice":1,"minecraft:diamond_sword":1,"iceandfire:copper_sword":1,"regions_unexplored:maple_leaf_pile":3,"minecraft:iron_chestplate":2,"regions_unexplored:blackwood_sapling":1,"minecraft:spider_eye":3,"pfm:furniture_book":1,"minecraft:stone_pickaxe":3,"regions_unexplored:orange_maple_leaf_pile":21},"minecraft:broken":{"minecraft:wooden_shovel":2,"minecraft:stone_pickaxe":1,"minecraft:wooden_sword":1,"minecraft:stone_axe":3,"minecraft:wooden_axe":3,"minecraft:stone_shovel":3}},"DataVersion":3465}