{"stats":{"minecraft:killed_by":{"minecraft:player":1,"minecraft:creeper":2,"minecraft:zombie":2,"alexsmobs:grizzly_bear":2,"iceandfire:fire_dragon":7},"minecraft:used":{"minecraft:iron_shovel":566,"minecraft:stone_shovel":397,"minecraft:chest":4,"minecraft:iron_sword":11,"regions_unexplored:mauve_log":1,"regions_unexplored:salmonberry":19,"minecraft:cooked_chicken":6,"minecraft:torch":1,"minecraft:dirt":374,"iceandfire:copper_sword":174,"minecraft:carrot":4,"regions_unexplored:hyssop":1,"minecraft:iron_hoe":1,"minecraft:iron_axe":28,"minecraft:oak_stairs":1,"regions_unexplored:aster":1,"pfm:strawberry_mysticsbiomes_white_classic_bed":3,"minecraft:furnace":2,"minecraft:cooked_cod":1,"minecraft:cooked_beef":4,"minecraft:cooked_mutton":1,"minecraft:crafting_table":2,"minecraft:white_bed":1,"pfm:working_table":2,"minecraft:iron_pickaxe":81,"regions_unexplored:mauve_fence":23,"regions_unexplored:bamboo_log":1,"minecraft:stone_axe":259,"minecraft:cooked_porkchop":3},"minecraft:custom":{"minecraft:interact_with_anvil":1,"minecraft:mob_kills":20,"minecraft:interact_with_crafting_table":79,"minecraft:leave_game":4,"minecraft:time_since_death":96441,"minecraft:climb_one_cm":2224,"minecraft:sprint_one_cm":539464,"minecraft:walk_one_cm":1481389,"minecraft:drop":32,"minecraft:play_time":386087,"minecraft:sneak_time":1658,"minecraft:deaths":18,"minecraft:walk_under_water_one_cm":11221,"minecraft:jump":1710,"minecraft:walk_on_water_one_cm":15698,"minecraft:total_world_time":386087,"minecraft:interact_with_furnace":35,"minecraft:sleep_in_bed":20,"minecraft:time_since_rest":0,"minecraft:damage_taken":5566,"minecraft:damage_dealt":3330,"minecraft:fly_one_cm":114959,"minecraft:open_chest":161,"minecraft:crouch_one_cm":2401,"minecraft:fall_one_cm":19121},"minecraft:picked_up":{"minecraft:cocoa_beans":6,"minecraft:crafting_table":1,"minecraft:iron_chestplate":1,"iceandfire:copper_sword":1,"minecraft:chicken":2,"minecraft:lead":18,"regions_unexplored:silt_dirt":7,"minecraft:oak_stairs":3,"minecraft:string":2,"regions_unexplored:prismarite_cluster":4,"minecraft:moss_carpet":3,"minecraft:raw_copper":10,"minecraft:iron_leggings":1,"minecraft:pufferfish":1,"regions_unexplored:orange_maple_sapling":4,"regions_unexplored:mauve_fence":7,"regions_unexplored:enchanted_birch_shrub":1,"regions_unexplored:bamboo_sapling":4,"regions_unexplored:mauve_shrub":1,"minecraft:white_tulip":1,"minecraft:rose_bush":1,"minecraft:sugar_cane":18,"minecraft:furnace":1,"minecraft:iron_boots":1,"minecraft:egg":1,"minecraft:stick":79,"minecraft:raw_iron":22,"minecraft:torch":1,"minecraft:porkchop":3,"minecraft:cherry_log":37,"minecraft:carrot":17,"regions_unexplored:daisy":32,"regions_unexplored:enchanted_birch_leaf_pile":69,"minecraft:honey_bottle":1,"minecraft:rotten_flesh":2,"regions_unexplored:mauve_sapling":27,"regions_unexplored:mauve_log":35,"pfm:strawberry_mysticsbiomes_white_classic_bed":2,"minecraft:hay_block":4,"pfm:working_table":1,"minecraft:mutton":1,"minecraft:cobblestone":35,"minecraft:cod":2,"alexsmobs:flying_fish":10,"minecraft:white_wool":1,"minecraft:stripped_oak_log":1,"mysticsbiomes:strawberry_sapling":8,"minecraft:feather":4,"minecraft:cooked_beef":4,"minecraft:andesite":1,"minecraft:red_mushroom":1,"regions_unexplored:meadow_sage":2,"regions_unexplored:stripped_mauve_log":1,"regions_unexplored:red_maple_sapling":2,"regions_unexplored:tassel":11,"minecraft:dirt":409,"minecraft:cooked_mutton":4,"regions_unexplored:aster":2,"regions_unexplored:large_prismarite_cluster":4,"minecraft:apple":3,"minecraft:kelp":6,"minecraft:wheat_seeds":67,"mysticsbiomes:strawberry_log":48,"iceandfire:armor_silver_metal_helmet":1,"minecraft:iron_sword":1,"iceandfire:fire_dragon_flesh":1,"regions_unexplored:bamboo_log":20,"minecraft:pumpkin":2,"regions_unexplored:salmonberry":12,"minecraft:white_bed":1,"regions_unexplored:enchanted_birch_sapling":16,"minecraft:mossy_cobblestone":10,"regions_unexplored:hyssop":78,"regions_unexplored:fireweed":57,"minecraft:stone_axe":1,"regions_unexplored:silver_birch_log":72,"regions_unexplored:clover":23,"minecraft:cherry_sapling":22,"regions_unexplored:maple_log":4},"minecraft:crafted":{"minecraft:cherry_planks":148,"pfm:strawberry_mysticsbiomes_white_classic_bed":1,"minecraft:stone_shovel":1,"minecraft:cooked_chicken":6,"regions_unexplored:mauve_fence":30,"minecraft:furnace":1,"minecraft:cooked_mutton":1,"regions_unexplored:mauve_planks":40,"minecraft:iron_axe":1,"minecraft:iron_hoe":1,"minecraft:chest":4,"minecraft:wheat":36,"minecraft:sugar":9,"minecraft:cooked_cod":1,"mysticsbiomes:strawberry_planks":188,"minecraft:cooked_porkchop":3,"minecraft:crafting_table":1,"minecraft:iron_sword":1,"minecraft:birch_planks":288,"minecraft:stone_axe":1,"mysticsbiomes:strawberry_fence":3,"pfm:working_table":1,"minecraft:stick":48,"minecraft:iron_ingot":26,"minecraft:iron_pickaxe":1,"minecraft:iron_shovel":1,"minecraft:white_bed":1},"minecraft:mined":{"regions_unexplored:salmonberry_bush":10,"minecraft:white_bed":1,"pfm:strawberry_mysticsbiomes_white_classic_bed":3,"minecraft:cherry_log":41,"farmersdelight:wild_carrots":17,"mysticsbiomes:strawberry_log":50,"gravestone:gravestone":17,"minecraft:grass_block":383,"regions_unexplored:aster":2,"minecraft:red_mushroom":1,"regions_unexplored:large_prismarite_cluster":4,"regions_unexplored:mauve_fence":5,"minecraft:furnace":1,"minecraft:iron_ore":22,"regions_unexplored:waratah":2,"regions_unexplored:mossy_stone":10,"minecraft:pumpkin":2,"regions_unexplored:enchanted_birch_shrub":1,"minecraft:deepslate_iron_ore":1,"minecraft:oak_stairs":1,"regions_unexplored:medium_grass":171,"minecraft:stone":35,"regions_unexplored:silt_grass_block":7,"regions_unexplored:mauve_shrub":1,"regions_unexplored:stripped_mauve_log":1,"regions_unexplored:enchanted_birch_leaf_pile":13,"minecraft:flowering_azalea":1,"minecraft:crafting_table":1,"minecraft:rose_bush":1,"minecraft:tall_grass":1,"minecraft:copper_ore":1,"regions_unexplored:mauve_log":31,"regions_unexplored:meadow_sage":2,"regions_unexplored:daisy":30,"minecraft:sugar_cane":4,"regions_unexplored:bamboo_log":20,"regions_unexplored:prismarite_cluster":4,"regions_unexplored:hyssop":89,"regions_unexplored:sandy_grass":1,"pfm:working_table":1,"minecraft:grass":302,"minecraft:cocoa":2,"regions_unexplored:silver_birch_log":74,"minecraft:dirt":29,"regions_unexplored:clover":8,"mysticsbiomes:strawberry_bush":1,"regions_unexplored:prismoss_sprout":1,"minecraft:oak_leaves":5,"regions_unexplored:tassel":9,"regions_unexplored:fireweed":50},"minecraft:killed":{"minecraft:skeleton":1,"minecraft:bee":1,"minecraft:chicken":2,"alexsmobs:flying_fish":8,"minecraft:pig":2,"minecraft:sheep":1,"minecraft:zombie":5},"minecraft:dropped":{"minecraft:iron_sword":1,"mysticsbiomes:strawberry_log":1,"regions_unexplored:daisy":1,"minecraft:stick":26,"regions_unexplored:red_maple_sapling":2,"minecraft:dirt":3,"regions_unexplored:enchanted_birch_sapling":4,"regions_unexplored:orange_maple_sapling":4,"regions_unexplored:mauve_fence":2,"gravestone:obituary":1,"regions_unexplored:maple_log":1,"regions_unexplored:mauve_sapling":2,"minecraft:stone_axe":1,"minecraft:kelp":6,"minecraft:sugar_cane":9,"minecraft:raw_copper":5,"minecraft:rotten_flesh":1,"regions_unexplored:clover":23,"regions_unexplored:hyssop":6,"minecraft:cooked_mutton":4},"minecraft:broken":{"minecraft:iron_shovel":1,"minecraft:stone_axe":1,"minecraft:stone_shovel":1}},"DataVersion":3465}