{"stats":{"minecraft:crafted":{"minecraft:cooked_mutton":6,"minecraft:quartz_block":151,"regions_unexplored:palm_planks":8,"regions_unexplored:magnolia_fence_gate":1,"minecraft:diamond_axe":1,"minecraft:jungle_boat":2,"iceandfire:armor_red_chestplate":1,"regions_unexplored:magnolia_stairs":124,"minecraft:copper_ingot":2,"iceandfire:armor_green_chestplate":1,"minecraft:iron_pickaxe":2,"minecraft:iron_block":3,"minecraft:gold_ingot":11,"regions_unexplored:magnolia_fence":42,"iceandfire:armor_sapphire_boots":1,"minecraft:netherite_ingot":6,"regions_unexplored:blackwood_planks":4,"minecraft:stone_shovel":8,"iceandfire:armor_green_leggings":1,"iceandfire:dragon_flute":1,"minecraft:bone_meal":24,"regions_unexplored:mauve_planks":664,"minecraft:stone_pickaxe":7,"minecraft:dark_oak_planks":24,"regions_unexplored:magnolia_planks":324,"minecraft:golden_helmet":2,"minecraft:wheat":297,"iceandfire:dragonbone_sword":1,"minecraft:red_bed":1,"regions_unexplored:eucalyptus_planks":188,"minecraft:iron_shovel":2,"minecraft:iron_leggings":3,"minecraft:white_bed":4,"minecraft:oak_planks":56,"regions_unexplored:kapok_planks":8,"minecraft:iron_boots":1,"iceandfire:armor_silver_metal_leggings":1,"iceandfire:armor_green_helmet":1,"minecraft:chest":10,"regions_unexplored:eucalyptus_stairs":24,"minecraft:crafting_table":20,"minecraft:wooden_pickaxe":3,"minecraft:iron_helmet":2,"minecraft:birch_planks":4,"minecraft:iron_chestplate":1,"minecraft:diamond_pickaxe":2,"minecraft:stick":80,"minecraft:iron_ingot":37,"minecraft:wooden_sword":3,"minecraft:fishing_rod":1,"iceandfire:dragon_stick":1,"minecraft:furnace":1,"iceandfire:armor_sapphire_leggings":1,"minecraft:netherite_chestplate":2,"minecraft:netherite_leggings":2,"minecraft:iron_axe":1,"iceandfire:armor_red_boots":1,"minecraft:netherite_scrap":24,"minecraft:cooked_beef":10,"minecraft:red_dye":2,"mysticsbiomes:strawberry_planks":40,"iceandfire:silver_ingot":14,"minecraft:bucket":3,"minecraft:stone_axe":4,"minecraft:bread":101,"minecraft:air":0,"minecraft:jungle_planks":60,"regions_unexplored:redwood_planks":4,"minecraft:oak_boat":1,"iceandfire:armor_silver_metal_helmet":3,"minecraft:anvil":1,"minecraft:torch":148,"minecraft:carrot_on_a_stick":1,"iceandfire:armor_green_boots":1,"minecraft:diamond_chestplate":1},"minecraft:custom":{"minecraft:interact_with_crafting_table":98,"minecraft:open_barrel":19,"minecraft:leave_game":21,"minecraft:time_since_death":5343,"minecraft:play_time":1399702,"minecraft:deaths":132,"minecraft:jump":20036,"minecraft:enchant_item":6,"minecraft:interact_with_furnace":47,"minecraft:sleep_in_bed":42,"minecraft:damage_dealt":68360,"minecraft:interact_with_smithing_table":26,"minecraft:horse_one_cm":8840,"minecraft:interact_with_anvil":14,"minecraft:sneak_time":101599,"minecraft:total_world_time":1399702,"minecraft:interact_with_stonecutter":1,"minecraft:time_since_rest":4878,"minecraft:swim_one_cm":87103,"minecraft:fly_one_cm":6443636,"minecraft:open_chest":742,"minecraft:fish_caught":13,"minecraft:fall_one_cm":467822,"minecraft:sprint_one_cm":4029869,"minecraft:drop":405,"minecraft:talked_to_villager":2,"minecraft:walk_on_water_one_cm":113635,"minecraft:interact_with_loom":1,"minecraft:player_kills":4,"minecraft:crouch_one_cm":343566,"minecraft:mob_kills":301,"minecraft:damage_dealt_resisted":226,"minecraft:climb_one_cm":27157,"minecraft:walk_one_cm":2807633,"minecraft:walk_under_water_one_cm":79173,"minecraft:boat_one_cm":303952,"minecraft:damage_taken":49057,"minecraft:trigger_trapped_chest":7},"minecraft:picked_up":{"regions_unexplored:pointed_redstone":15,"minecraft:iron_chestplate":4,"iceandfire:copper_sword":3,"minecraft:anvil":5,"regions_unexplored:magnolia_log":193,"minecraft:smithing_table":1,"minecraft:lead":13,"minecraft:diamond_sword":3,"regions_unexplored:silt_dirt":18,"minecraft:enchanted_book":1,"minecraft:golden_sword":1,"regions_unexplored:eucalyptus_planks":332,"minecraft:amethyst_block":2,"iceandfire:manuscript":6,"minecraft:string":18,"minecraft:pufferfish":1,"minecraft:gold_nugget":447,"minecraft:cobbled_deepslate":533,"minecraft:melon_slice":42,"minecraft:golden_helmet":1,"regions_unexplored:blackwood_planks":3,"minecraft:big_dripleaf":4,"iceandfire:lightning_dragon_flesh":3,"minecraft:golden_axe":1,"regions_unexplored:raw_redstone_block":1,"minecraft:golden_chestplate":1,"minecraft:honey_bottle":1,"artifacts:villager_hat":1,"farmersdelight:onion":1,"iceandfire:fire_dragon_heart":3,"minecraft:iron_bars":1,"mysticsbiomes:strawberry_sapling":3,"minecraft:magma_block":8,"farmersdelight:rice":3,"minecraft:feather":6,"minecraft:cooked_beef":61,"minecraft:water_bucket":1,"minecraft:jungle_log":15,"minecraft:brown_wool":1,"minecraft:flint":4,"undead_revamp2:blacpetalblock":2,"minecraft:stonecutter":1,"regions_unexplored:magnolia_planks":8,"minecraft:diamond_helmet":1,"minecraft:moss_block":6,"patchouli:guide_book":1,"regions_unexplored:salmonberry":2,"iceandfire:dragonscales_sapphire":11,"iceandfire:dragon_skull_fire":3,"regions_unexplored:palm_log":2,"alexsmobs:animal_dictionary":1,"minecraft:dark_oak_log":3,"minecraft:red_terracotta":3,"regions_unexplored:pink_lupine":4,"minecraft:barrel":2,"iceandfire:chared_cobblestone":11,"minecraft:iron_hoe":1,"alexsmobs:kangaroo_hide":2,"regions_unexplored:hyssop":10,"minecraft:snout_armor_trim_smithing_template":1,"iceandfire:lectern":1,"regions_unexplored:clover":14,"minecraft:granite":117,"minecraft:bread":24,"regions_unexplored:magnolia_fence_gate":1,"iceandfire:raw_silver":4,"minecraft:diamond_pickaxe":3,"iceandfire:dragon_skull_lightning":1,"minecraft:crafting_table":3,"minecraft:coarse_dirt":2,"iceandfire:witherbone":1,"minecraft:clay_ball":36,"gravestone:obituary":25,"minecraft:cornflower":1,"minecraft:red_bed":2,"minecraft:flint_and_steel":1,"iceandfire:ghost_ingot":1,"minecraft:beef":38,"minecraft:chest":12,"minecraft:diamond_hoe":1,"minecraft:egg":4,"minecraft:glow_item_frame":1,"minecraft:carrot":1,"minecraft:redstone":61,"regions_unexplored:kapok_log":2,"iceandfire:dragon_skull_ice":1,"regions_unexplored:mauve_sapling":129,"regions_unexplored:felicia_daisy":6,"minecraft:diamond_boots":1,"minecraft:hay_block":46,"minecraft:cracked_deepslate_bricks":1,"minecraft:gold_ingot":21,"minecraft:glow_berries":4,"minecraft:mutton":39,"minecraft:white_wool":27,"alexsmobs:kangaroo_meat":1,"minecraft:rail":25,"minecraft:oxeye_daisy":1,"regions_unexplored:eucalyptus_log":48,"croptopia:crab":1,"iceandfire:armor_sapphire_leggings":1,"croptopia:glowing_calamari":5,"minecraft:oak_log":7,"minecraft:ancient_debris":1,"regions_unexplored:stripped_magnolia_log":7,"alexsmobs:mosquito_proboscis":1,"minecraft:paper":21,"minecraft:white_banner":1,"regions_unexplored:aster":5,"minecraft:apple":49,"iceandfire:armor_green_chestplate":1,"deeperdarker:warden_upgrade_smithing_template":1,"minecraft:kelp":4,"minecraft:stone_pickaxe":3,"minecraft:cobweb":7,"minecraft:iron_sword":1,"minecraft:flowering_azalea":15,"iceandfire:chared_stone":12,"minecraft:smooth_basalt":4,"regions_unexplored:white_magnolia_sapling":62,"iceandfire:dragonbone_sword":2,"minecraft:gravel":36,"iceandfire:dragonscales_copper":19,"travelersbackpack:standard":1,"regions_unexplored:fireweed":6,"minecraft:stone_axe":2,"minecraft:gray_wool":2,"minecraft:chiseled_deepslate":1,"croptopia:shrimp":1,"croptopia:clam":1,"croptopia:cinnamon_log":6,"alexscaves:cave_tablet":9,"minecraft:potion":1,"iceandfire:armor_silver_metal_chestplate":1,"regions_unexplored:prismarite_cluster":1,"minecraft:raw_copper":50,"minecraft:iron_leggings":2,"minecraft:netherite_ingot":6,"minecraft:deepslate_tiles":2,"minecraft:rose_bush":17,"minecraft:calcite":7,"minecraft:iron_pickaxe":3,"regions_unexplored:blackwood_log":1,"iceandfire:dragonscales_red":14,"farmersdelight:cabbage_seeds":9,"minecraft:iron_boots":1,"regions_unexplored:redwood_log":13,"minecraft:furnace":1,"minecraft:stick":247,"minecraft:torch":49,"minecraft:porkchop":45,"minecraft:diorite":20,"regions_unexplored:daisy":12,"regions_unexplored:barley":7,"regions_unexplored:magnolia_stairs":27,"minecraft:quartz_block":1,"minecraft:rotten_flesh":78,"regions_unexplored:tsubaki":3,"regions_unexplored:mauve_log":496,"pfm:strawberry_mysticsbiomes_white_classic_bed":1,"alexsmobs:emu_egg":2,"minecraft:obsidian":1,"regions_unexplored:magnolia_sapling":18,"minecraft:cod":9,"undead_revamp2:arapholia":3,"minecraft:cobblestone":1197,"minecraft:pink_petals":14,"minecraft:lilac":2,"minecraft:andesite":202,"minecraft:golden_leggings":1,"iceandfire:armor_red_chestplate":1,"minecraft:tuff":8,"undead_revamp2:huntereye":1,"artifacts:pickaxe_heater":1,"minecraft:lapis_lazuli":55,"minecraft:dirt":1272,"minecraft:bone":22,"minecraft:bow":3,"minecraft:orange_tulip":1,"minecraft:wheat_seeds":82,"minecraft:grindstone":1,"minecraft:oak_planks":6,"minecraft:pink_concrete":1,"minecraft:cooked_porkchop":14,"regions_unexplored:eucalyptus_stairs":32,"minecraft:jungle_planks":86,"minecraft:orange_wool":2,"minecraft:mossy_cobblestone":4,"regions_unexplored:mauve_planks":7,"minecraft:diamond":4,"minecraft:cracked_polished_blackstone_bricks":2,"alexsmobs:rattlesnake_rattle":1,"minecraft:golden_apple":1,"minecraft:emerald":9,"pfm:furniture_book":1,"minecraft:oak_sapling":4,"minecraft:netherrack":3668,"iceandfire:silver_nugget":136,"minecraft:allium":2,"minecraft:fishing_rod":2,"minecraft:cocoa_beans":24,"regions_unexplored:mycotoxic_grass":6,"minecraft:chicken":5,"minecraft:ladder":1,"regions_unexplored:red_maple_leaf_pile":22,"minecraft:moss_carpet":2,"minecraft:wooden_sword":2,"minecraft:item_frame":1,"minecraft:blackstone":63,"regions_unexplored:mauve_fence":16,"minecraft:candle":2,"regions_unexplored:mauve_shrub":2,"minecraft:raw_iron":38,"iceandfire:dragonbone":45,"iceandfire:dragonscales_green":35,"regions_unexplored:ash_vent":2,"regions_unexplored:silver_birch_leaf_pile":21,"minecraft:copper_ingot":2,"regions_unexplored:volcanic_ash":2,"minecraft:polished_blackstone_bricks":9,"regions_unexplored:silt_grass_block":1,"iceandfire:silver_ingot":4,"minecraft:arrow":17,"regions_unexplored:enchanted_birch_leaf_pile":37,"regions_unexplored:redstone_bulb":1,"iceandfire:chared_dirt":3,"croptopia:sea_lettuce":1,"iceandfire:armor_sapphire_boots":1,"minecraft:skeleton_skull":1,"minecraft:cracked_deepslate_tiles":1,"minecraft:basalt":3,"minecraft:glow_ink_sac":11,"minecraft:salmon":1,"minecraft:leather":25,"alexsmobs:cachalot_whale_tooth":1,"regions_unexplored:red_lupine":1,"iceandfire:ectoplasm":6,"regions_unexplored:salmon_poppy_bush":2,"minecraft:yellow_bed":1,"minecraft:gunpowder":3,"regions_unexplored:tassel":21,"minecraft:orange_terracotta":5,"minecraft:cooked_mutton":3,"mysticsbiomes:strawberry_log":11,"minecraft:rabbit_hide":3,"minecraft:iron_ingot":26,"minecraft:polished_andesite_slab":2,"iceandfire:fire_dragon_flesh":11,"regions_unexplored:orange_maple_leaf_pile":23,"minecraft:book":3,"regions_unexplored:eucalyptus_sapling":29,"iceandfire:ash":5,"minecraft:quartz":325,"minecraft:dandelion":1,"minecraft:white_bed":8,"regions_unexplored:enchanted_birch_sapling":18,"minecraft:spider_eye":3,"minecraft:pumpkin_seeds":1,"regions_unexplored:silver_birch_log":104,"minecraft:iron_helmet":2,"regions_unexplored:maple_log":3,"minecraft:terracotta":1,"minecraft:damaged_anvil":1,"minecraft:black_wool":1,"minecraft:dark_oak_wood":5,"iceandfire:chared_gravel":2,"minecraft:coal":57},"minecraft:broken":{"minecraft:iron_leggings":1,"minecraft:wooden_sword":1,"iceandfire:armor_silver_metal_helmet":1,"minecraft:iron_axe":2,"minecraft:iron_pickaxe":3,"minecraft:iron_helmet":2,"minecraft:iron_shovel":2,"minecraft:stone_pickaxe":7,"minecraft:stone_axe":2,"minecraft:wooden_axe":1,"minecraft:stone_shovel":5,"minecraft:golden_axe":1},"minecraft:killed_by":{"minecraft:piglin_brute":4,"iceandfire:siren":2,"minecraft:pillager":8,"enemyexpansion:slugger":1,"minecraft:warden":6,"iceandfire:ghost":8,"iceandfire:cyclops":3,"minecraft:creeper":2,"minecraft:piglin":1,"iceandfire:ice_dragon":4,"iceandfire:fire_dragon":68,"minecraft:player":2,"minecraft:skeleton":9,"iceandfire:lightning_dragon":8},"minecraft:used":{"minecraft:ladder":1,"minecraft:chest":119,"regions_unexplored:mauve_log":3,"regions_unexplored:eucalyptus_stairs":149,"minecraft:rotten_flesh":12,"regions_unexplored:mauve_sapling":1,"minecraft:cracked_deepslate_tiles":1,"minecraft:lava_bucket":1,"minecraft:grass_block":5,"minecraft:quartz_block":66,"minecraft:bow":83,"pfm:strawberry_mysticsbiomes_white_classic_bed":1,"minecraft:furnace":1,"minecraft:egg":3,"minecraft:blackstone":20,"minecraft:wooden_pickaxe":25,"minecraft:jungle_boat":2,"minecraft:glow_berries":33,"regions_unexplored:redwood_planks":4,"regions_unexplored:redwood_log":20,"minecraft:spore_blossom":1,"minecraft:red_terracotta":3,"regions_unexplored:blackwood_planks":7,"minecraft:diamond_sword":1061,"minecraft:wooden_sword":89,"minecraft:smithing_table":1,"minecraft:oak_boat":1,"regions_unexplored:mauve_shrub":1,"minecraft:enchanting_table":2,"minecraft:netherrack":117,"minecraft:torch":201,"minecraft:anvil":3,"iceandfire:copper_sword":250,"iceandfire:armor_green_chestplate":1,"regions_unexplored:magnolia_log":134,"regions_unexplored:hyssop":1,"minecraft:flowering_azalea":4,"minecraft:iron_axe":543,"minecraft:barrel":1,"undead_revamp2:huntereye":1,"minecraft:beef":25,"minecraft:cobbled_deepslate":83,"minecraft:golden_axe":4,"croptopia:clam":1,"minecraft:water_bucket":97,"minecraft:lead":2,"minecraft:crafting_table":22,"minecraft:red_bed":5,"minecraft:white_bed":11,"minecraft:cod":30,"alexsmobs:flying_fish":2,"minecraft:diamond_pickaxe":17414,"minecraft:iron_pickaxe":803,"minecraft:cobblestone":743,"minecraft:potion":1,"minecraft:porkchop":22,"minecraft:cooked_porkchop":14,"regions_unexplored:magnolia_stairs":98,"regions_unexplored:silt_dirt":1,"minecraft:iron_shovel":326,"minecraft:diamond_hoe":3540,"minecraft:iron_sword":69,"regions_unexplored:salmonberry":1,"alexscaves:radgill":1,"minecraft:iron_chestplate":2,"minecraft:mutton":34,"minecraft:jungle_planks":5,"minecraft:carrot":1,"minecraft:axolotl_bucket":6,"minecraft:obsidian":18,"minecraft:honey_bottle":2,"regions_unexplored:salmon_poppy_bush":1,"regions_unexplored:eucalyptus_planks":768,"minecraft:iron_helmet":1,"minecraft:skeleton_skull":1,"minecraft:stone_pickaxe":957,"minecraft:diamond_axe":449,"regions_unexplored:tassel":2,"minecraft:netherite_leggings":1,"minecraft:crossbow":2,"regions_unexplored:mauve_planks":505,"iceandfire:dragonbone_sword":6,"minecraft:melon_slice":22,"minecraft:bread":79,"minecraft:brown_wool":1,"regions_unexplored:mauve_fence":8,"minecraft:grindstone":1,"minecraft:andesite":42,"minecraft:coarse_dirt":2,"regions_unexplored:stripped_magnolia_log":3,"minecraft:experience_bottle":716,"minecraft:rose_bush":11,"minecraft:flint_and_steel":1,"minecraft:stone_shovel":723,"minecraft:dirt":380,"minecraft:diamond_helmet":2,"minecraft:golden_chestplate":1,"minecraft:dark_oak_planks":4,"minecraft:iron_hoe":15,"minecraft:wooden_axe":44,"minecraft:bookshelf":62,"regions_unexplored:magnolia_fence_gate":1,"minecraft:cooked_beef":105,"minecraft:iron_leggings":2,"minecraft:cooked_mutton":9,"minecraft:stonecutter":1,"minecraft:glow_item_frame":58,"regions_unexplored:magnolia_planks":653,"minecraft:apple":19,"minecraft:stone_axe":391,"minecraft:fishing_rod":24,"minecraft:bucket":101,"minecraft:yellow_bed":1,"alexsmobs:animal_dictionary":2,"minecraft:splash_potion":10,"minecraft:soul_torch":2,"alexsmobs:emu_egg":2},"minecraft:killed":{"enemyexpansion:equestrian":2,"creeperoverhaul:dripstone_creeper":1,"minecraft:skeleton":26,"minecraft:chicken":5,"minecraft:magma_cube":1,"minecraft:pillager":7,"minecraft:zombie":51,"enemyexpansion:botfly":4,"iceandfire:lightning_dragon":1,"minecraft:cow":20,"undead_revamp2:thehunter":2,"alexsmobs:raccoon":1,"creeperoverhaul:snowy_creeper":1,"minecraft:husk":2,"minecraft:rabbit":1,"undead_revamp2:the_moonflower":8,"minecraft:wandering_trader":5,"iceandfire:ghost":18,"iceandfire:ice_dragon":1,"minecraft:enderman":3,"undead_revamp2:thewolf":1,"minecraft:witch":1,"minecraft:spider":13,"minecraft:piglin_brute":15,"alexsmobs:kangaroo":2,"minecraft:piglin":16,"minecraft:pig":17,"alexsmobs:grizzly_bear":1,"minecraft:zombie_villager":3,"minecraft:creeper":8,"alexsmobs:crimson_mosquito":1,"minecraft:sheep":27,"minecraft:trader_llama":6,"enemyexpansion:wasp":2,"enemyexpansion:direwolf":4,"alexsmobs:rattlesnake":1,"iceandfire:fire_dragon":3,"undead_revamp2:sucker":7,"minecraft:hoglin":2,"minecraft:wither_skeleton":2,"enemyexpansion:slugger":1},"minecraft:dropped":{"minecraft:iron_sword":1,"iceandfire:raw_silver":1,"minecraft:porkchop":1,"minecraft:cooked_beef":64,"minecraft:diamond":2,"minecraft:cooked_porkchop":8,"alexsmobs:kangaroo_meat":1,"minecraft:orange_tulip":1,"minecraft:crossbow":1,"minecraft:saddle":1,"minecraft:rail":16,"minecraft:emerald":3,"minecraft:dirt":40,"minecraft:snout_armor_trim_smithing_template":1,"regions_unexplored:large_prismarite_cluster":1,"minecraft:gold_nugget":1,"minecraft:wooden_sword":2,"minecraft:iron_pickaxe":2,"iceandfire:armor_silver_metal_helmet":1,"minecraft:white_wool":2,"regions_unexplored:mauve_sapling":6,"regions_unexplored:redstone_bulb":1,"minecraft:bone":8,"minecraft:stone_axe":2,"minecraft:ancient_debris":1,"minecraft:golden_chestplate":2,"alexsmobs:animal_dictionary":2,"minecraft:cobbled_deepslate":269,"alexscaves:cave_tablet":1,"undead_revamp2:arapholia":2,"minecraft:rotten_flesh":8,"regions_unexplored:mauve_shrub":1,"croptopia:cinnamon_log":2,"minecraft:salmon":1,"regions_unexplored:eucalyptus_planks":147,"regions_unexplored:hanging_prismarite":1,"minecraft:beef":20,"iceandfire:manuscript":6,"minecraft:egg":1,"minecraft:enchanted_book":1,"iceandfire:dragonbone_sword":5,"minecraft:iron_ingot":2,"regions_unexplored:fireweed":1,"minecraft:wheat_seeds":47,"regions_unexplored:eucalyptus_stairs":7,"minecraft:iron_helmet":2,"minecraft:feather":5,"minecraft:cobblestone":27,"alexsmobs:rattlesnake_rattle":1,"minecraft:apple":21,"regions_unexplored:tassel":2,"regions_unexplored:enchanted_birch_leaf_pile":1,"minecraft:coal":2,"regions_unexplored:daisy":12,"minecraft:pufferfish":1,"minecraft:oxeye_daisy":1,"minecraft:cobweb":7,"minecraft:diamond_horse_armor":1,"minecraft:gray_wool":1,"iceandfire:armor_green_chestplate":1,"minecraft:rose_bush":5,"regions_unexplored:barley":7,"regions_unexplored:redwood_log":10,"minecraft:red_dye":1,"minecraft:iron_shovel":2,"minecraft:string":8,"artifacts:bunny_hoppers":1,"minecraft:snow_block":1,"iceandfire:silver_nugget":6,"croptopia:sea_lettuce":1,"regions_unexplored:magnolia_fence":80,"minecraft:netherite_ingot":8,"minecraft:diamond_hoe":1,"minecraft:experience_bottle":145,"minecraft:stone_shovel":2,"minecraft:chicken":1,"regions_unexplored:clover":14,"minecraft:iron_boots":2,"mysticsbiomes:strawberry_planks":40,"minecraft:name_tag":8,"regions_unexplored:hyssop":10,"regions_unexplored:mauve_log":192,"regions_unexplored:aster":1,"minecraft:diamond_sword":1,"minecraft:big_dripleaf":4,"minecraft:allium":1,"minecraft:diamond_pickaxe":5,"iceandfire:silver_ingot":16,"minecraft:spider_eye":3,"minecraft:barrel":1,"pfm:furniture_book":1,"farmersdelight:ham":1,"regions_unexplored:orange_maple_leaf_pile":23,"minecraft:magma_block":3,"regions_unexplored:silt_dirt":17,"iceandfire:dragon_skull_lightning":1,"regions_unexplored:magnolia_log":64,"minecraft:large_amethyst_bud":1,"minecraft:netherite_upgrade_smithing_template":2,"iceandfire:fire_dragon_flesh":3,"minecraft:leather":16,"minecraft:jungle_planks":64,"iceandfire:dragonsteel_ice_chestplate":1,"minecraft:cod":6,"regions_unexplored:red_maple_leaf_pile":9,"minecraft:cracked_polished_blackstone_bricks":2,"minecraft:dark_oak_wood":1,"farmersdelight:onion":1,"gravestone:obituary":68,"minecraft:amethyst_shard":1,"iceandfire:ash":1,"minecraft:polished_blackstone_bricks":9,"regions_unexplored:pointed_redstone":1,"minecraft:gold_ingot":1,"minecraft:gravel":3,"minecraft:blackstone":9,"regions_unexplored:salmonberry":1,"minecraft:cooked_mutton":2,"patchouli:guide_book":1,"regions_unexplored:mycotoxic_grass":6,"minecraft:rabbit_hide":3,"iceandfire:armor_silver_metal_boots":1,"iceandfire:pixie_dust":1,"minecraft:basalt":3,"minecraft:quartz":45,"minecraft:netherrack":1329,"regions_unexplored:tsubaki":1,"minecraft:water_bucket":1,"minecraft:bread":38,"regions_unexplored:magnolia_planks":6,"minecraft:golden_helmet":2,"minecraft:lilac":2,"minecraft:diamond_leggings":1,"minecraft:lead":1,"minecraft:amethyst_block":2,"minecraft:copper_ingot":1,"minecraft:stick":12,"iceandfire:armor_sapphire_boots":2,"regions_unexplored:enchanted_birch_sapling":4,"minecraft:milk_bucket":1,"minecraft:diorite":16,"minecraft:melon_slice":20,"iceandfire:armor_silver_metal_chestplate":2,"regions_unexplored:magnolia_fence_gate":1,"minecraft:iron_leggings":3,"minecraft:flowering_azalea":8,"regions_unexplored:volcanic_ash":2,"iceandfire:dragonsteel_ice_helmet":1,"minecraft:pink_petals":18,"minecraft:bucket":2,"iceandfire:armor_sapphire_leggings":2,"minecraft:smooth_basalt":4,"minecraft:redstone":5,"iceandfire:armor_red_chestplate":1,"minecraft:anvil":2,"minecraft:kelp":4,"minecraft:raw_copper":4,"minecraft:tuff":6,"farmersdelight:cabbage_seeds":6,"regions_unexplored:mauve_planks":127,"regions_unexplored:pink_lupine":2,"minecraft:flint_and_steel":1,"iceandfire:copper_sword":4,"minecraft:orange_terracotta":5,"iceandfire:chared_cobblestone":4,"minecraft:iron_chestplate":4,"minecraft:andesite":77,"minecraft:oak_sapling":3,"minecraft:diamond_boots":1,"iceandfire:fire_dragon_heart":1,"minecraft:wooden_pickaxe":1,"minecraft:calcite":7,"regions_unexplored:white_magnolia_sapling":30},"minecraft:mined":{"regions_unexplored:yellow_bioshroom_block":31,"minecraft:white_bed":8,"regions_unexplored:blue_lupine":1,"iceandfire:copper_pile":1,"minecraft:jungle_leaves":2,"regions_unexplored:magnolia_log":215,"regions_unexplored:kapok_log":2,"minecraft:granite":132,"regions_unexplored:dropleaf":1,"minecraft:jungle_log":15,"minecraft:deepslate_bricks":2,"minecraft:spawner":8,"minecraft:polished_blackstone_bricks":10,"regions_unexplored:mauve_fence":14,"minecraft:magma_block":11,"regions_unexplored:magnolia_stairs":2,"regions_unexplored:pointed_redstone":1,"minecraft:cobbled_deepslate":5,"minecraft:fire":85,"minecraft:deepslate_lapis_ore":8,"minecraft:sculk_shrieker":41,"minecraft:cave_vines":2,"iceandfire:gold_pile":18,"regions_unexplored:maple_leaf_pile":1,"regions_unexplored:silt_grass_block":1,"regions_unexplored:mauve_sapling":1,"regions_unexplored:enchanted_birch_leaf_pile":3,"minecraft:red_bed":2,"regions_unexplored:yellow_lupine":1,"regions_unexplored:white_magnolia_leaves":6,"minecraft:powder_snow":8,"minecraft:torch":4,"minecraft:dark_oak_wood":5,"regions_unexplored:glowing_yellow_bioshroom_block":3,"minecraft:melon":8,"minecraft:damaged_anvil":1,"minecraft:amethyst_block":2,"minecraft:skeleton_skull":1,"regions_unexplored:hyssop":1,"minecraft:lilac":4,"minecraft:grass":150,"regions_unexplored:oak_shrub":1,"regions_unexplored:clover":9,"minecraft:smooth_basalt":4,"minecraft:stonecutter":1,"regions_unexplored:mycotoxic_grass":10,"minecraft:deepslate":592,"regions_unexplored:fireweed":5,"minecraft:yellow_terracotta":1,"minecraft:deepslate_tiles":2,"iceandfire:silver_ore":3,"minecraft:dark_oak_log":3,"regions_unexplored:dusktrap":1,"mysticsbiomes:strawberry_log":11,"minecraft:jungle_planks":5,"minecraft:moss_block":6,"regions_unexplored:eucalyptus_stairs":43,"farmersdelight:wild_onions":1,"minecraft:pink_concrete":2,"iceandfire:chared_gravel":2,"minecraft:andesite":198,"regions_unexplored:larch_leaves":3,"minecraft:vine":28,"regions_unexplored:ash_vent":2,"regions_unexplored:redwood_log":16,"regions_unexplored:windswept_grass":2,"minecraft:smithing_table":1,"regions_unexplored:blackwood_planks":4,"regions_unexplored:salmon_poppy_bush":1,"regions_unexplored:volcanic_ash":3,"regions_unexplored:silt_dirt":1,"regions_unexplored:blackwood_log":1,"minecraft:tall_grass":58,"minecraft:copper_ore":14,"regions_unexplored:mauve_log":423,"minecraft:cracked_deepslate_bricks":2,"minecraft:diorite":18,"regions_unexplored:prismarite_cluster":1,"minecraft:coarse_dirt":2,"minecraft:birch_leaves":2,"regions_unexplored:enchanted_birch_leaves":1,"regions_unexplored:stripped_magnolia_log":7,"regions_unexplored:silver_birch_log":122,"minecraft:gravel":40,"regions_unexplored:magnolia_planks":2,"minecraft:fern":9,"regions_unexplored:tassel":3,"regions_unexplored:magnolia_fence_gate":1,"minecraft:sculk_vein":274,"minecraft:orange_wool":2,"minecraft:budding_amethyst":1,"minecraft:grass_block":671,"regions_unexplored:yellow_bioshroom_stem":3,"minecraft:cracked_polished_blackstone_bricks":2,"iceandfire:lectern":1,"regions_unexplored:purple_coneflower":4,"minecraft:sculk_catalyst":33,"minecraft:iron_ore":33,"regions_unexplored:mossy_stone":4,"minecraft:anvil":2,"minecraft:iron_bars":1,"regions_unexplored:mauve_shrub":2,"iceandfire:chared_cobblestone":7,"minecraft:deepslate_redstone_ore":10,"minecraft:quartz_block":3,"minecraft:blackstone":81,"regions_unexplored:mycotoxic_daisy":1,"minecraft:calcite":7,"croptopia:cinnamon_log":2,"minecraft:chest":11,"minecraft:nether_quartz_ore":160,"minecraft:cobblestone":68,"minecraft:grindstone":1,"minecraft:oak_planks":1,"minecraft:wall_torch":18,"minecraft:pink_petals":1,"regions_unexplored:mauve_planks":8,"minecraft:cracked_deepslate_tiles":1,"minecraft:oak_log":10,"minecraft:beetroots":1,"minecraft:dirt":537,"minecraft:netherrack":16422,"minecraft:ancient_debris":4,"minecraft:oak_leaves":14,"iceandfire:chared_stone":7,"minecraft:nether_gold_ore":23,"minecraft:diamond_ore":1,"minecraft:tuff":7,"minecraft:deepslate_diamond_ore":4,"minecraft:dark_oak_leaves":11,"regions_unexplored:barley":27,"minecraft:candle":1,"regions_unexplored:pink_lupine":3,"gravestone:gravestone":110,"minecraft:polished_andesite_slab":2,"iceandfire:chared_dirt":3,"regions_unexplored:raw_redstone_block":1,"minecraft:large_fern":1,"minecraft:hay_block":51,"minecraft:chiseled_deepslate":1,"regions_unexplored:frozen_grass":1,"minecraft:polished_deepslate":1,"minecraft:bookshelf":1,"regions_unexplored:enchanted_birch_shrub":1,"regions_unexplored:medium_grass":90,"minecraft:stone":1178,"regions_unexplored:redstone_bulb":1,"minecraft:acacia_leaves":1,"minecraft:flowering_azalea":5,"minecraft:basalt":3,"regions_unexplored:mycotoxic_moss":6,"minecraft:crafting_table":2,"minecraft:rose_bush":15,"minecraft:sculk_sensor":104,"regions_unexplored:daisy":5,"minecraft:sculk":3110,"regions_unexplored:red_maple_leaf_pile":1,"minecraft:yellow_bed":1,"minecraft:coal_ore":36,"minecraft:cocoa":4,"regions_unexplored:palm_log":2,"regions_unexplored:eucalyptus_planks":227}},"DataVersion":3465}