{"stats":{"minecraft:killed_by":{"iceandfire:cyclops":3,"minecraft:creeper":2,"iceandfire:siren":2,"iceandfire:ice_dragon":4,"iceandfire:fire_dragon":67,"minecraft:player":1,"iceandfire:ghost":8},"minecraft:used":{"regions_unexplored:silt_dirt":1,"minecraft:iron_shovel":278,"minecraft:ladder":1,"minecraft:chest":115,"minecraft:iron_sword":22,"regions_unexplored:mauve_log":1,"minecraft:rotten_flesh":8,"minecraft:iron_chestplate":2,"minecraft:mutton":31,"minecraft:jungle_planks":5,"minecraft:carrot":1,"regions_unexplored:mauve_sapling":1,"minecraft:axolotl_bucket":6,"minecraft:obsidian":1,"minecraft:honey_bottle":2,"regions_unexplored:salmon_poppy_bush":1,"minecraft:bow":5,"pfm:strawberry_mysticsbiomes_white_classic_bed":1,"minecraft:furnace":1,"minecraft:skeleton_skull":1,"minecraft:egg":3,"minecraft:stone_pickaxe":957,"minecraft:wooden_pickaxe":25,"minecraft:jungle_boat":2,"regions_unexplored:tassel":2,"minecraft:glow_berries":4,"regions_unexplored:mauve_planks":1,"minecraft:melon_slice":22,"minecraft:bread":39,"minecraft:brown_wool":1,"regions_unexplored:mauve_fence":6,"minecraft:spore_blossom":1,"minecraft:diamond_sword":608,"minecraft:wooden_sword":89,"minecraft:andesite":42,"minecraft:oak_boat":1,"minecraft:coarse_dirt":2,"regions_unexplored:stripped_magnolia_log":3,"minecraft:experience_bottle":220,"minecraft:enchanting_table":1,"minecraft:rose_bush":11,"regions_unexplored:mauve_shrub":1,"minecraft:stone_shovel":723,"minecraft:torch":140,"minecraft:anvil":1,"minecraft:dirt":256,"iceandfire:copper_sword":250,"iceandfire:armor_green_chestplate":1,"minecraft:golden_chestplate":1,"regions_unexplored:magnolia_log":134,"regions_unexplored:hyssop":1,"minecraft:wooden_axe":44,"minecraft:flowering_azalea":4,"minecraft:bookshelf":35,"minecraft:iron_axe":543,"minecraft:barrel":1,"regions_unexplored:magnolia_fence_gate":1,"minecraft:beef":25,"minecraft:cooked_beef":30,"minecraft:iron_leggings":2,"minecraft:cooked_mutton":6,"croptopia:clam":1,"minecraft:water_bucket":92,"minecraft:lead":1,"minecraft:glow_item_frame":58,"minecraft:red_bed":3,"minecraft:crafting_table":17,"minecraft:white_bed":11,"regions_unexplored:magnolia_planks":447,"minecraft:cod":1,"alexsmobs:flying_fish":2,"minecraft:apple":11,"minecraft:iron_pickaxe":553,"minecraft:stone_axe":391,"minecraft:fishing_rod":23,"minecraft:cobblestone":624,"minecraft:porkchop":22,"regions_unexplored:magnolia_stairs":93,"minecraft:cooked_porkchop":6,"minecraft:bucket":97,"minecraft:yellow_bed":1,"alexsmobs:animal_dictionary":2},"minecraft:custom":{"minecraft:interact_with_crafting_table":71,"minecraft:open_barrel":4,"minecraft:leave_game":5,"minecraft:time_since_death":152532,"minecraft:sprint_one_cm":2211149,"minecraft:drop":231,"minecraft:play_time":703470,"minecraft:deaths":92,"minecraft:jump":11067,"minecraft:walk_on_water_one_cm":91923,"minecraft:interact_with_furnace":32,"minecraft:interact_with_loom":1,"minecraft:sleep_in_bed":22,"minecraft:damage_dealt":43406,"minecraft:player_kills":2,"minecraft:crouch_one_cm":83703,"minecraft:mob_kills":193,"minecraft:climb_one_cm":18860,"minecraft:walk_one_cm":1364561,"minecraft:sneak_time":29596,"minecraft:walk_under_water_one_cm":13204,"minecraft:boat_one_cm":303952,"minecraft:total_world_time":703470,"minecraft:time_since_rest":8742,"minecraft:damage_taken":28756,"minecraft:trigger_trapped_chest":6,"minecraft:swim_one_cm":44036,"minecraft:fly_one_cm":3006404,"minecraft:open_chest":223,"minecraft:fall_one_cm":254132,"minecraft:fish_caught":13},"minecraft:picked_up":{"minecraft:iron_chestplate":1,"croptopia:shrimp":1,"croptopia:clam":1,"iceandfire:copper_sword":2,"croptopia:cinnamon_log":6,"regions_unexplored:magnolia_log":193,"minecraft:lead":9,"minecraft:diamond_sword":3,"regions_unexplored:silt_dirt":18,"alexscaves:cave_tablet":9,"minecraft:enchanted_book":1,"iceandfire:manuscript":6,"minecraft:string":14,"minecraft:raw_copper":48,"minecraft:iron_leggings":1,"minecraft:pufferfish":1,"minecraft:gold_nugget":400,"minecraft:cobbled_deepslate":15,"minecraft:rose_bush":17,"minecraft:iron_pickaxe":2,"minecraft:melon_slice":42,"iceandfire:dragonscales_red":14,"farmersdelight:cabbage_seeds":9,"minecraft:furnace":1,"minecraft:stick":182,"minecraft:big_dripleaf":4,"minecraft:torch":38,"minecraft:porkchop":44,"minecraft:diorite":4,"minecraft:golden_chestplate":1,"regions_unexplored:daisy":12,"regions_unexplored:barley":7,"regions_unexplored:magnolia_stairs":24,"minecraft:honey_bottle":1,"minecraft:rotten_flesh":43,"regions_unexplored:tsubaki":3,"farmersdelight:onion":1,"regions_unexplored:mauve_log":318,"pfm:strawberry_mysticsbiomes_white_classic_bed":1,"iceandfire:fire_dragon_heart":3,"minecraft:obsidian":1,"regions_unexplored:magnolia_sapling":18,"minecraft:cod":9,"minecraft:cobblestone":1009,"mysticsbiomes:strawberry_sapling":3,"minecraft:pink_petals":14,"farmersdelight:rice":3,"minecraft:cooked_beef":13,"minecraft:feather":6,"minecraft:lilac":2,"minecraft:water_bucket":1,"minecraft:andesite":182,"minecraft:jungle_log":15,"minecraft:brown_wool":1,"minecraft:flint":4,"minecraft:tuff":2,"minecraft:dirt":1140,"minecraft:bone":14,"minecraft:wheat_seeds":78,"minecraft:bow":2,"minecraft:orange_tulip":1,"regions_unexplored:magnolia_planks":8,"minecraft:moss_block":6,"minecraft:oak_planks":6,"minecraft:cooked_porkchop":14,"iceandfire:dragonscales_sapphire":11,"iceandfire:dragon_skull_fire":3,"minecraft:jungle_planks":22,"regions_unexplored:palm_log":2,"minecraft:dark_oak_log":3,"regions_unexplored:pink_lupine":4,"minecraft:barrel":2,"alexsmobs:animal_dictionary":1,"minecraft:mossy_cobblestone":4,"iceandfire:chared_cobblestone":10,"regions_unexplored:hyssop":10,"minecraft:diamond":1,"regions_unexplored:clover":14,"minecraft:granite":117,"minecraft:emerald":7,"minecraft:bread":24,"pfm:furniture_book":1,"minecraft:oak_sapling":4,"regions_unexplored:magnolia_fence_gate":1,"iceandfire:silver_nugget":136,"iceandfire:raw_silver":1,"minecraft:fishing_rod":1,"minecraft:cocoa_beans":24,"minecraft:coarse_dirt":2,"minecraft:crafting_table":2,"minecraft:allium":2,"minecraft:chicken":5,"minecraft:ladder":1,"minecraft:clay_ball":32,"gravestone:obituary":16,"regions_unexplored:red_maple_leaf_pile":22,"minecraft:cornflower":1,"minecraft:red_bed":2,"minecraft:moss_carpet":2,"minecraft:wooden_sword":2,"minecraft:flint_and_steel":1,"iceandfire:ghost_ingot":1,"regions_unexplored:mauve_fence":5,"minecraft:candle":2,"minecraft:beef":38,"regions_unexplored:mauve_shrub":2,"minecraft:chest":3,"minecraft:egg":4,"minecraft:raw_iron":38,"iceandfire:dragonbone":36,"iceandfire:dragonscales_green":35,"regions_unexplored:silver_birch_leaf_pile":21,"minecraft:carrot":1,"regions_unexplored:silt_grass_block":1,"regions_unexplored:kapok_log":2,"minecraft:arrow":11,"regions_unexplored:enchanted_birch_leaf_pile":35,"regions_unexplored:mauve_sapling":125,"regions_unexplored:felicia_daisy":6,"iceandfire:chared_dirt":3,"minecraft:hay_block":46,"croptopia:sea_lettuce":1,"minecraft:gold_ingot":20,"minecraft:glow_berries":4,"minecraft:mutton":39,"minecraft:rail":25,"minecraft:skeleton_skull":1,"minecraft:white_wool":27,"minecraft:oxeye_daisy":1,"minecraft:salmon":1,"croptopia:crab":1,"minecraft:leather":21,"minecraft:oak_log":7,"regions_unexplored:red_lupine":1,"iceandfire:ectoplasm":6,"minecraft:yellow_bed":1,"minecraft:gunpowder":1,"regions_unexplored:salmon_poppy_bush":2,"regions_unexplored:stripped_magnolia_log":7,"regions_unexplored:tassel":21,"minecraft:paper":21,"regions_unexplored:aster":2,"iceandfire:armor_green_chestplate":1,"minecraft:apple":49,"minecraft:kelp":4,"mysticsbiomes:strawberry_log":11,"minecraft:rabbit_hide":2,"minecraft:iron_ingot":25,"minecraft:stone_pickaxe":3,"minecraft:cobweb":7,"iceandfire:fire_dragon_flesh":11,"minecraft:flowering_azalea":15,"regions_unexplored:orange_maple_leaf_pile":23,"minecraft:book":3,"iceandfire:chared_stone":12,"regions_unexplored:white_magnolia_sapling":62,"iceandfire:ash":5,"minecraft:dandelion":1,"minecraft:gravel":33,"minecraft:white_bed":8,"regions_unexplored:enchanted_birch_sapling":18,"minecraft:spider_eye":3,"minecraft:pumpkin_seeds":1,"regions_unexplored:fireweed":6,"minecraft:stone_axe":2,"regions_unexplored:silver_birch_log":104,"regions_unexplored:maple_log":3,"minecraft:gray_wool":2,"minecraft:black_wool":1,"iceandfire:chared_gravel":2,"minecraft:dark_oak_wood":5,"minecraft:coal":37},"minecraft:crafted":{"minecraft:oak_planks":56,"regions_unexplored:kapok_planks":8,"minecraft:cooked_mutton":6,"iceandfire:armor_silver_metal_leggings":1,"iceandfire:armor_green_helmet":1,"minecraft:chest":10,"regions_unexplored:palm_planks":8,"regions_unexplored:magnolia_fence_gate":1,"minecraft:crafting_table":16,"minecraft:jungle_boat":2,"minecraft:wooden_pickaxe":3,"iceandfire:armor_red_chestplate":1,"regions_unexplored:magnolia_stairs":124,"minecraft:copper_ingot":2,"minecraft:birch_planks":4,"iceandfire:armor_green_chestplate":1,"minecraft:diamond_pickaxe":1,"minecraft:stick":76,"minecraft:iron_pickaxe":1,"minecraft:iron_ingot":37,"minecraft:iron_block":3,"regions_unexplored:magnolia_fence":42,"iceandfire:armor_sapphire_boots":1,"minecraft:wooden_sword":3,"minecraft:stone_shovel":8,"iceandfire:armor_green_leggings":1,"minecraft:fishing_rod":1,"iceandfire:dragon_stick":1,"minecraft:furnace":1,"iceandfire:dragon_flute":1,"minecraft:bone_meal":24,"iceandfire:armor_sapphire_leggings":1,"regions_unexplored:mauve_planks":24,"minecraft:iron_axe":1,"minecraft:stone_pickaxe":7,"iceandfire:armor_red_boots":1,"minecraft:dark_oak_planks":24,"regions_unexplored:magnolia_planks":324,"minecraft:wheat":297,"minecraft:cooked_beef":10,"minecraft:red_dye":2,"mysticsbiomes:strawberry_planks":40,"iceandfire:silver_ingot":14,"minecraft:red_bed":1,"minecraft:bucket":3,"minecraft:stone_axe":4,"minecraft:jungle_planks":60,"minecraft:bread":80,"minecraft:air":0,"minecraft:oak_boat":1,"iceandfire:armor_silver_metal_helmet":2,"minecraft:iron_shovel":2,"minecraft:iron_leggings":1,"minecraft:anvil":1,"minecraft:white_bed":4,"minecraft:torch":92,"iceandfire:armor_green_boots":1},"minecraft:mined":{"minecraft:white_bed":8,"regions_unexplored:blue_lupine":1,"minecraft:jungle_leaves":2,"regions_unexplored:magnolia_log":215,"regions_unexplored:kapok_log":2,"minecraft:granite":132,"regions_unexplored:dropleaf":1,"minecraft:grass_block":601,"minecraft:jungle_log":15,"regions_unexplored:purple_coneflower":4,"regions_unexplored:mauve_fence":3,"regions_unexplored:magnolia_stairs":2,"minecraft:iron_ore":33,"minecraft:fire":81,"regions_unexplored:mossy_stone":4,"regions_unexplored:maple_leaf_pile":1,"iceandfire:gold_pile":18,"regions_unexplored:silt_grass_block":1,"regions_unexplored:mauve_shrub":2,"regions_unexplored:mauve_sapling":1,"iceandfire:chared_cobblestone":7,"regions_unexplored:enchanted_birch_leaf_pile":3,"minecraft:red_bed":2,"regions_unexplored:yellow_lupine":1,"regions_unexplored:white_magnolia_leaves":6,"minecraft:torch":3,"minecraft:dark_oak_wood":5,"croptopia:cinnamon_log":2,"minecraft:melon":8,"minecraft:chest":1,"minecraft:cobblestone":21,"minecraft:oak_planks":1,"minecraft:wall_torch":13,"minecraft:skeleton_skull":1,"minecraft:pink_petals":1,"regions_unexplored:hyssop":1,"minecraft:lilac":4,"minecraft:grass":137,"regions_unexplored:oak_shrub":1,"minecraft:oak_log":10,"minecraft:dirt":504,"regions_unexplored:clover":9,"minecraft:oak_leaves":14,"minecraft:deepslate":11,"regions_unexplored:fireweed":5,"iceandfire:chared_stone":7,"minecraft:diamond_ore":1,"minecraft:tuff":1,"iceandfire:silver_ore":1,"minecraft:dark_oak_leaves":11,"regions_unexplored:barley":27,"minecraft:candle":1,"regions_unexplored:pink_lupine":3,"minecraft:dark_oak_log":3,"regions_unexplored:dusktrap":1,"mysticsbiomes:strawberry_log":11,"gravestone:gravestone":83,"iceandfire:chared_dirt":3,"minecraft:moss_block":6,"minecraft:large_fern":1,"minecraft:hay_block":51,"farmersdelight:wild_onions":1,"minecraft:andesite":188,"iceandfire:chared_gravel":2,"minecraft:bookshelf":1,"minecraft:vine":28,"regions_unexplored:medium_grass":83,"minecraft:stone":1014,"regions_unexplored:windswept_grass":2,"minecraft:flowering_azalea":5,"minecraft:crafting_table":1,"regions_unexplored:salmon_poppy_bush":1,"regions_unexplored:silt_dirt":1,"minecraft:rose_bush":15,"minecraft:copper_ore":14,"minecraft:tall_grass":58,"regions_unexplored:mauve_log":391,"regions_unexplored:daisy":5,"minecraft:diorite":4,"minecraft:coarse_dirt":2,"regions_unexplored:red_maple_leaf_pile":1,"minecraft:yellow_bed":1,"regions_unexplored:enchanted_birch_leaves":1,"minecraft:cocoa":4,"minecraft:coal_ore":34,"regions_unexplored:stripped_magnolia_log":7,"regions_unexplored:silver_birch_log":122,"regions_unexplored:palm_log":2,"minecraft:gravel":38,"regions_unexplored:tassel":3,"regions_unexplored:magnolia_fence_gate":1,"regions_unexplored:magnolia_planks":2,"minecraft:fern":9},"minecraft:killed":{"minecraft:witch":1,"minecraft:spider":11,"creeperoverhaul:dripstone_creeper":1,"minecraft:skeleton":20,"minecraft:chicken":5,"minecraft:pig":17,"alexsmobs:grizzly_bear":1,"minecraft:zombie_villager":3,"minecraft:creeper":3,"minecraft:sheep":27,"minecraft:trader_llama":3,"minecraft:zombie":47,"minecraft:cow":20,"alexsmobs:raccoon":1,"enemyexpansion:direwolf":1,"iceandfire:fire_dragon":2,"minecraft:husk":2,"minecraft:rabbit":1,"minecraft:wandering_trader":2,"iceandfire:ghost":17,"iceandfire:ice_dragon":1,"minecraft:enderman":3},"minecraft:dropped":{"minecraft:iron_sword":1,"regions_unexplored:magnolia_log":64,"minecraft:cooked_beef":16,"minecraft:cooked_porkchop":8,"minecraft:orange_tulip":1,"iceandfire:fire_dragon_flesh":3,"minecraft:leather":14,"minecraft:saddle":1,"minecraft:rail":16,"minecraft:cod":6,"regions_unexplored:red_maple_leaf_pile":9,"minecraft:dirt":40,"minecraft:dark_oak_wood":1,"minecraft:gold_nugget":1,"gravestone:obituary":47,"farmersdelight:onion":1,"minecraft:wooden_sword":2,"iceandfire:ash":1,"minecraft:iron_pickaxe":2,"iceandfire:armor_silver_metal_helmet":1,"minecraft:white_wool":2,"regions_unexplored:mauve_sapling":2,"minecraft:bone":5,"minecraft:stone_axe":2,"minecraft:golden_chestplate":2,"alexsmobs:animal_dictionary":2,"alexscaves:cave_tablet":1,"minecraft:rotten_flesh":3,"regions_unexplored:mauve_shrub":1,"minecraft:cooked_mutton":2,"croptopia:cinnamon_log":2,"minecraft:salmon":1,"minecraft:rabbit_hide":2,"iceandfire:armor_silver_metal_boots":1,"minecraft:beef":20,"minecraft:egg":1,"iceandfire:manuscript":6,"regions_unexplored:magnolia_planks":6,"regions_unexplored:tsubaki":1,"minecraft:bread":38,"regions_unexplored:fireweed":1,"minecraft:wheat_seeds":44,"minecraft:lilac":2,"minecraft:lead":1,"minecraft:feather":5,"minecraft:cobblestone":7,"minecraft:apple":4,"regions_unexplored:tassel":2,"regions_unexplored:enchanted_birch_leaf_pile":1,"minecraft:coal":2,"regions_unexplored:daisy":12,"minecraft:stick":12,"minecraft:pufferfish":1,"minecraft:diamond_horse_armor":1,"minecraft:oxeye_daisy":1,"minecraft:cobweb":7,"iceandfire:armor_sapphire_boots":1,"minecraft:gray_wool":1,"regions_unexplored:enchanted_birch_sapling":4,"iceandfire:armor_green_chestplate":1,"minecraft:melon_slice":20,"minecraft:rose_bush":5,"regions_unexplored:barley":7,"iceandfire:armor_silver_metal_chestplate":2,"regions_unexplored:magnolia_fence_gate":1,"minecraft:iron_leggings":2,"minecraft:flowering_azalea":8,"minecraft:red_dye":1,"minecraft:iron_shovel":1,"minecraft:string":7,"minecraft:pink_petals":18,"iceandfire:armor_sapphire_leggings":1,"iceandfire:silver_nugget":6,"croptopia:sea_lettuce":1,"regions_unexplored:magnolia_fence":80,"minecraft:kelp":4,"minecraft:raw_copper":4,"farmersdelight:cabbage_seeds":6,"minecraft:stone_shovel":2,"minecraft:chicken":1,"regions_unexplored:clover":14,"minecraft:iron_boots":1,"mysticsbiomes:strawberry_planks":40,"minecraft:name_tag":8,"regions_unexplored:hyssop":10,"regions_unexplored:mauve_log":64,"regions_unexplored:aster":1,"regions_unexplored:pink_lupine":2,"minecraft:flint_and_steel":1,"minecraft:diamond_sword":1,"minecraft:big_dripleaf":4,"iceandfire:copper_sword":4,"minecraft:allium":1,"iceandfire:chared_cobblestone":4,"minecraft:iron_chestplate":2,"minecraft:andesite":64,"iceandfire:silver_ingot":8,"minecraft:oak_sapling":3,"minecraft:spider_eye":3,"minecraft:barrel":1,"pfm:furniture_book":1,"minecraft:diamond_boots":1,"iceandfire:fire_dragon_heart":1,"minecraft:wooden_pickaxe":1,"regions_unexplored:orange_maple_leaf_pile":23,"regions_unexplored:silt_dirt":17,"regions_unexplored:white_magnolia_sapling":30},"minecraft:broken":{"minecraft:iron_shovel":1,"minecraft:iron_leggings":1,"minecraft:stone_pickaxe":7,"minecraft:wooden_sword":1,"minecraft:stone_axe":2,"minecraft:wooden_axe":1,"minecraft:stone_shovel":5,"iceandfire:armor_silver_metal_helmet":1,"minecraft:iron_axe":2,"minecraft:iron_pickaxe":2}},"DataVersion":3465}