{"stats":{"minecraft:custom":{"minecraft:interact_with_crafting_table":82,"minecraft:open_barrel":15,"minecraft:leave_game":18,"minecraft:time_since_death":108821,"minecraft:sprint_one_cm":3211434,"minecraft:drop":314,"minecraft:talked_to_villager":1,"minecraft:play_time":1045023,"minecraft:deaths":123,"minecraft:jump":15727,"minecraft:walk_on_water_one_cm":94396,"minecraft:enchant_item":4,"minecraft:interact_with_furnace":36,"minecraft:interact_with_loom":1,"minecraft:sleep_in_bed":38,"minecraft:damage_dealt":61143,"minecraft:player_kills":3,"minecraft:crouch_one_cm":185413,"minecraft:horse_one_cm":1360,"minecraft:interact_with_anvil":2,"minecraft:mob_kills":276,"minecraft:damage_dealt_resisted":28,"minecraft:climb_one_cm":20173,"minecraft:walk_one_cm":2214319,"minecraft:sneak_time":59117,"minecraft:walk_under_water_one_cm":13204,"minecraft:boat_one_cm":303952,"minecraft:total_world_time":1045023,"minecraft:time_since_rest":34992,"minecraft:damage_taken":43509,"minecraft:trigger_trapped_chest":7,"minecraft:swim_one_cm":44036,"minecraft:fly_one_cm":4661035,"minecraft:open_chest":344,"minecraft:fall_one_cm":373610,"minecraft:fish_caught":13},"minecraft:mined":{"regions_unexplored:yellow_bioshroom_block":31,"minecraft:white_bed":8,"regions_unexplored:blue_lupine":1,"iceandfire:copper_pile":1,"minecraft:jungle_leaves":2,"regions_unexplored:magnolia_log":215,"minecraft:orange_wool":2,"regions_unexplored:kapok_log":2,"minecraft:granite":132,"regions_unexplored:dropleaf":1,"minecraft:grass_block":609,"regions_unexplored:yellow_bioshroom_stem":3,"minecraft:jungle_log":15,"minecraft:cracked_polished_blackstone_bricks":2,"regions_unexplored:purple_coneflower":4,"minecraft:spawner":6,"minecraft:polished_blackstone_bricks":10,"regions_unexplored:mauve_fence":13,"regions_unexplored:magnolia_stairs":2,"regions_unexplored:pointed_redstone":1,"minecraft:iron_ore":33,"minecraft:fire":85,"regions_unexplored:mossy_stone":4,"minecraft:anvil":1,"regions_unexplored:maple_leaf_pile":1,"iceandfire:gold_pile":18,"regions_unexplored:silt_grass_block":1,"regions_unexplored:mauve_shrub":2,"regions_unexplored:mauve_sapling":1,"iceandfire:chared_cobblestone":7,"minecraft:deepslate_redstone_ore":2,"regions_unexplored:enchanted_birch_leaf_pile":3,"minecraft:red_bed":2,"minecraft:blackstone":12,"regions_unexplored:white_magnolia_leaves":6,"regions_unexplored:yellow_lupine":1,"minecraft:torch":3,"minecraft:dark_oak_wood":5,"regions_unexplored:mycotoxic_daisy":1,"regions_unexplored:glowing_yellow_bioshroom_block":3,"croptopia:cinnamon_log":2,"minecraft:calcite":3,"minecraft:melon":8,"minecraft:chest":1,"minecraft:nether_quartz_ore":46,"minecraft:cobblestone":68,"minecraft:oak_planks":1,"minecraft:wall_torch":13,"minecraft:pink_petals":1,"minecraft:skeleton_skull":1,"regions_unexplored:hyssop":1,"minecraft:lilac":4,"regions_unexplored:mauve_planks":1,"minecraft:grass":150,"regions_unexplored:oak_shrub":1,"minecraft:oak_log":10,"minecraft:dirt":527,"regions_unexplored:clover":9,"minecraft:yellow_terracotta":1,"minecraft:deepslate":184,"minecraft:diamond_ore":1,"minecraft:nether_gold_ore":2,"regions_unexplored:fireweed":5,"iceandfire:chared_stone":7,"minecraft:oak_leaves":14,"minecraft:netherrack":155,"regions_unexplored:mycotoxic_grass":10,"minecraft:tuff":1,"iceandfire:silver_ore":3,"minecraft:dark_oak_leaves":11,"regions_unexplored:barley":27,"minecraft:candle":1,"regions_unexplored:pink_lupine":3,"regions_unexplored:dusktrap":1,"minecraft:dark_oak_log":3,"mysticsbiomes:strawberry_log":11,"gravestone:gravestone":102,"minecraft:jungle_planks":5,"iceandfire:chared_dirt":3,"regions_unexplored:eucalyptus_stairs":43,"minecraft:moss_block":6,"regions_unexplored:raw_redstone_block":1,"minecraft:large_fern":1,"minecraft:hay_block":51,"farmersdelight:wild_onions":1,"minecraft:pink_concrete":2,"minecraft:andesite":188,"iceandfire:chared_gravel":2,"minecraft:bookshelf":1,"regions_unexplored:enchanted_birch_shrub":1,"minecraft:vine":28,"regions_unexplored:medium_grass":87,"regions_unexplored:redwood_log":16,"minecraft:stone":1103,"regions_unexplored:windswept_grass":2,"minecraft:acacia_leaves":1,"minecraft:flowering_azalea":5,"regions_unexplored:blackwood_planks":4,"regions_unexplored:mycotoxic_moss":6,"minecraft:crafting_table":2,"regions_unexplored:salmon_poppy_bush":1,"regions_unexplored:blackwood_log":1,"regions_unexplored:silt_dirt":1,"minecraft:rose_bush":15,"minecraft:copper_ore":14,"minecraft:tall_grass":58,"regions_unexplored:mauve_log":423,"regions_unexplored:daisy":5,"minecraft:sculk":3,"minecraft:diorite":4,"minecraft:coarse_dirt":2,"minecraft:birch_leaves":2,"regions_unexplored:red_maple_leaf_pile":1,"minecraft:yellow_bed":1,"regions_unexplored:enchanted_birch_leaves":1,"minecraft:cocoa":4,"minecraft:coal_ore":34,"regions_unexplored:silver_birch_log":122,"regions_unexplored:palm_log":2,"regions_unexplored:stripped_magnolia_log":7,"minecraft:gravel":38,"regions_unexplored:eucalyptus_planks":227,"regions_unexplored:magnolia_fence_gate":1,"regions_unexplored:tassel":3,"regions_unexplored:magnolia_planks":2,"minecraft:fern":9},"minecraft:killed_by":{"iceandfire:cyclops":3,"minecraft:piglin_brute":3,"minecraft:creeper":2,"iceandfire:siren":2,"minecraft:pillager":8,"enemyexpansion:slugger":1,"minecraft:piglin":1,"iceandfire:ice_dragon":4,"iceandfire:fire_dragon":67,"minecraft:player":2,"minecraft:skeleton":9,"iceandfire:lightning_dragon":8,"iceandfire:ghost":8},"minecraft:broken":{"minecraft:iron_shovel":1,"minecraft:iron_leggings":1,"minecraft:stone_pickaxe":7,"minecraft:wooden_sword":1,"minecraft:stone_axe":2,"minecraft:wooden_axe":1,"minecraft:stone_shovel":5,"iceandfire:armor_silver_metal_helmet":1,"minecraft:golden_axe":1,"minecraft:iron_axe":2,"minecraft:iron_pickaxe":2,"minecraft:iron_helmet":1},"minecraft:crafted":{"minecraft:oak_planks":56,"regions_unexplored:kapok_planks":8,"minecraft:cooked_mutton":6,"iceandfire:armor_silver_metal_leggings":1,"iceandfire:armor_green_helmet":1,"minecraft:chest":10,"regions_unexplored:eucalyptus_stairs":24,"regions_unexplored:palm_planks":8,"regions_unexplored:magnolia_fence_gate":1,"minecraft:diamond_axe":1,"minecraft:crafting_table":19,"minecraft:jungle_boat":2,"minecraft:wooden_pickaxe":3,"minecraft:iron_helmet":1,"iceandfire:armor_red_chestplate":1,"minecraft:copper_ingot":2,"regions_unexplored:magnolia_stairs":124,"minecraft:birch_planks":4,"iceandfire:armor_green_chestplate":1,"minecraft:diamond_pickaxe":2,"minecraft:stick":80,"minecraft:iron_ingot":37,"minecraft:iron_pickaxe":1,"minecraft:iron_block":3,"regions_unexplored:magnolia_fence":42,"iceandfire:armor_sapphire_boots":1,"regions_unexplored:blackwood_planks":4,"minecraft:wooden_sword":3,"minecraft:stone_shovel":8,"iceandfire:armor_green_leggings":1,"minecraft:fishing_rod":1,"iceandfire:dragon_stick":1,"minecraft:furnace":1,"iceandfire:dragon_flute":1,"minecraft:bone_meal":24,"iceandfire:armor_sapphire_leggings":1,"regions_unexplored:mauve_planks":664,"minecraft:iron_axe":1,"minecraft:stone_pickaxe":7,"iceandfire:armor_red_boots":1,"minecraft:dark_oak_planks":24,"minecraft:golden_helmet":2,"regions_unexplored:magnolia_planks":324,"minecraft:wheat":297,"minecraft:cooked_beef":10,"minecraft:red_dye":2,"iceandfire:dragonbone_sword":1,"mysticsbiomes:strawberry_planks":40,"iceandfire:silver_ingot":14,"minecraft:red_bed":1,"minecraft:bucket":3,"minecraft:stone_axe":4,"minecraft:jungle_planks":60,"regions_unexplored:eucalyptus_planks":188,"minecraft:bread":80,"minecraft:air":0,"minecraft:oak_boat":1,"regions_unexplored:redwood_planks":4,"iceandfire:armor_silver_metal_helmet":3,"minecraft:iron_leggings":2,"minecraft:iron_shovel":2,"minecraft:anvil":1,"minecraft:white_bed":4,"minecraft:torch":92,"iceandfire:armor_green_boots":1},"minecraft:dropped":{"minecraft:iron_sword":1,"iceandfire:raw_silver":1,"minecraft:porkchop":1,"regions_unexplored:magnolia_log":64,"minecraft:cooked_beef":64,"alexsmobs:kangaroo_meat":1,"minecraft:cooked_porkchop":8,"minecraft:crossbow":1,"minecraft:orange_tulip":1,"iceandfire:fire_dragon_flesh":3,"minecraft:leather":16,"minecraft:jungle_planks":64,"minecraft:saddle":1,"iceandfire:dragonsteel_ice_chestplate":1,"minecraft:rail":16,"minecraft:cod":6,"regions_unexplored:red_maple_leaf_pile":9,"minecraft:cracked_polished_blackstone_bricks":2,"minecraft:dirt":40,"minecraft:dark_oak_wood":1,"minecraft:gold_nugget":1,"gravestone:obituary":64,"farmersdelight:onion":1,"minecraft:wooden_sword":2,"iceandfire:ash":1,"minecraft:polished_blackstone_bricks":9,"minecraft:iron_pickaxe":2,"iceandfire:armor_silver_metal_helmet":1,"minecraft:white_wool":2,"regions_unexplored:mauve_sapling":6,"minecraft:bone":8,"minecraft:stone_axe":2,"minecraft:golden_chestplate":2,"alexsmobs:animal_dictionary":2,"regions_unexplored:salmonberry":1,"alexscaves:cave_tablet":1,"undead_revamp2:arapholia":1,"minecraft:rotten_flesh":6,"regions_unexplored:mauve_shrub":1,"minecraft:cooked_mutton":2,"croptopia:cinnamon_log":2,"minecraft:salmon":1,"patchouli:guide_book":1,"regions_unexplored:mycotoxic_grass":6,"minecraft:rabbit_hide":3,"iceandfire:armor_silver_metal_boots":1,"regions_unexplored:eucalyptus_planks":147,"minecraft:beef":20,"minecraft:quartz":44,"minecraft:netherrack":25,"iceandfire:manuscript":6,"minecraft:egg":1,"iceandfire:dragonbone_sword":5,"regions_unexplored:tsubaki":1,"minecraft:water_bucket":1,"regions_unexplored:magnolia_planks":6,"minecraft:bread":38,"regions_unexplored:fireweed":1,"minecraft:wheat_seeds":47,"minecraft:golden_helmet":2,"minecraft:lilac":2,"regions_unexplored:eucalyptus_stairs":7,"minecraft:lead":1,"minecraft:feather":5,"minecraft:cobblestone":27,"alexsmobs:rattlesnake_rattle":1,"minecraft:apple":21,"regions_unexplored:tassel":2,"regions_unexplored:enchanted_birch_leaf_pile":1,"minecraft:coal":2,"regions_unexplored:daisy":12,"minecraft:stick":12,"minecraft:pufferfish":1,"minecraft:oxeye_daisy":1,"minecraft:cobweb":7,"minecraft:diamond_horse_armor":1,"iceandfire:armor_sapphire_boots":2,"minecraft:gray_wool":1,"regions_unexplored:enchanted_birch_sapling":4,"minecraft:milk_bucket":1,"iceandfire:armor_green_chestplate":1,"minecraft:melon_slice":20,"minecraft:rose_bush":5,"regions_unexplored:barley":7,"regions_unexplored:redwood_log":10,"iceandfire:armor_silver_metal_chestplate":2,"regions_unexplored:magnolia_fence_gate":1,"minecraft:iron_leggings":2,"minecraft:flowering_azalea":8,"minecraft:red_dye":1,"iceandfire:dragonsteel_ice_helmet":1,"minecraft:iron_shovel":2,"minecraft:string":7,"minecraft:pink_petals":18,"minecraft:bucket":2,"iceandfire:armor_sapphire_leggings":2,"artifacts:bunny_hoppers":1,"iceandfire:silver_nugget":6,"iceandfire:armor_red_chestplate":1,"croptopia:sea_lettuce":1,"regions_unexplored:magnolia_fence":80,"minecraft:anvil":2,"minecraft:kelp":4,"minecraft:raw_copper":4,"minecraft:experience_bottle":81,"farmersdelight:cabbage_seeds":6,"minecraft:stone_shovel":2,"minecraft:chicken":1,"regions_unexplored:clover":14,"minecraft:iron_boots":1,"regions_unexplored:mauve_planks":64,"mysticsbiomes:strawberry_planks":40,"minecraft:name_tag":8,"regions_unexplored:hyssop":10,"regions_unexplored:mauve_log":192,"regions_unexplored:aster":1,"regions_unexplored:pink_lupine":2,"minecraft:flint_and_steel":1,"minecraft:diamond_sword":1,"minecraft:big_dripleaf":4,"iceandfire:copper_sword":4,"minecraft:allium":1,"minecraft:orange_terracotta":5,"iceandfire:chared_cobblestone":4,"minecraft:iron_chestplate":2,"minecraft:diamond_pickaxe":2,"minecraft:andesite":77,"iceandfire:silver_ingot":16,"minecraft:oak_sapling":3,"minecraft:barrel":1,"minecraft:spider_eye":3,"minecraft:diamond_boots":1,"pfm:furniture_book":1,"iceandfire:fire_dragon_heart":1,"minecraft:wooden_pickaxe":1,"regions_unexplored:orange_maple_leaf_pile":23,"minecraft:calcite":3,"farmersdelight:ham":1,"regions_unexplored:silt_dirt":17,"iceandfire:dragon_skull_lightning":1,"regions_unexplored:white_magnolia_sapling":30},"minecraft:used":{"alexsmobs:emu_egg":2,"minecraft:iron_shovel":278,"minecraft:ladder":1,"minecraft:chest":119,"regions_unexplored:mauve_log":3,"minecraft:iron_sword":60,"regions_unexplored:eucalyptus_stairs":149,"regions_unexplored:salmonberry":1,"minecraft:rotten_flesh":12,"minecraft:iron_chestplate":2,"minecraft:mutton":31,"minecraft:jungle_planks":5,"minecraft:carrot":1,"regions_unexplored:mauve_sapling":1,"minecraft:axolotl_bucket":6,"minecraft:obsidian":18,"minecraft:honey_bottle":2,"regions_unexplored:salmon_poppy_bush":1,"regions_unexplored:eucalyptus_planks":719,"minecraft:grass_block":5,"minecraft:bow":37,"pfm:strawberry_mysticsbiomes_white_classic_bed":1,"minecraft:furnace":1,"minecraft:skeleton_skull":1,"minecraft:egg":3,"minecraft:stone_pickaxe":957,"minecraft:wooden_pickaxe":25,"minecraft:diamond_axe":431,"regions_unexplored:tassel":2,"minecraft:jungle_boat":2,"minecraft:glow_berries":4,"regions_unexplored:redwood_planks":4,"minecraft:crossbow":2,"regions_unexplored:mauve_planks":378,"regions_unexplored:redwood_log":20,"iceandfire:dragonbone_sword":6,"minecraft:melon_slice":22,"minecraft:bread":43,"minecraft:brown_wool":1,"regions_unexplored:mauve_fence":7,"minecraft:spore_blossom":1,"minecraft:red_terracotta":3,"regions_unexplored:blackwood_planks":7,"minecraft:diamond_sword":909,"minecraft:wooden_sword":89,"minecraft:coarse_dirt":2,"regions_unexplored:mauve_shrub":1,"regions_unexplored:stripped_magnolia_log":3,"minecraft:andesite":42,"minecraft:oak_boat":1,"minecraft:experience_bottle":716,"minecraft:rose_bush":11,"minecraft:enchanting_table":2,"minecraft:flint_and_steel":1,"minecraft:stone_shovel":723,"minecraft:anvil":3,"minecraft:torch":164,"minecraft:dirt":268,"iceandfire:copper_sword":250,"minecraft:golden_chestplate":1,"regions_unexplored:magnolia_log":134,"iceandfire:armor_green_chestplate":1,"minecraft:dark_oak_planks":4,"regions_unexplored:hyssop":1,"minecraft:wooden_axe":44,"minecraft:flowering_azalea":4,"minecraft:bookshelf":62,"minecraft:iron_axe":543,"undead_revamp2:huntereye":1,"minecraft:barrel":1,"regions_unexplored:magnolia_fence_gate":1,"minecraft:beef":25,"minecraft:cooked_beef":87,"minecraft:cobbled_deepslate":11,"minecraft:golden_axe":4,"minecraft:iron_leggings":2,"minecraft:cooked_mutton":6,"croptopia:clam":1,"minecraft:water_bucket":96,"minecraft:lead":2,"minecraft:glow_item_frame":58,"minecraft:red_bed":5,"minecraft:crafting_table":20,"minecraft:white_bed":11,"regions_unexplored:magnolia_planks":653,"minecraft:cod":1,"alexsmobs:flying_fish":2,"minecraft:diamond_pickaxe":570,"minecraft:apple":19,"minecraft:iron_pickaxe":553,"minecraft:stone_axe":391,"minecraft:fishing_rod":23,"minecraft:cobblestone":719,"minecraft:porkchop":22,"regions_unexplored:magnolia_stairs":98,"minecraft:cooked_porkchop":14,"minecraft:bucket":100,"minecraft:yellow_bed":1,"minecraft:splash_potion":2,"alexsmobs:animal_dictionary":2,"regions_unexplored:silt_dirt":1},"minecraft:killed":{"minecraft:witch":1,"minecraft:spider":13,"enemyexpansion:equestrian":2,"creeperoverhaul:dripstone_creeper":1,"minecraft:skeleton":26,"minecraft:chicken":5,"minecraft:piglin_brute":7,"alexsmobs:kangaroo":2,"minecraft:magma_cube":1,"minecraft:piglin":14,"minecraft:pig":17,"alexsmobs:grizzly_bear":1,"minecraft:zombie_villager":3,"minecraft:creeper":6,"alexsmobs:crimson_mosquito":1,"minecraft:sheep":27,"minecraft:trader_llama":5,"minecraft:pillager":7,"minecraft:zombie":51,"enemyexpansion:botfly":4,"iceandfire:lightning_dragon":1,"enemyexpansion:wasp":2,"minecraft:cow":20,"alexsmobs:raccoon":1,"enemyexpansion:direwolf":4,"alexsmobs:rattlesnake":1,"iceandfire:fire_dragon":2,"undead_revamp2:sucker":5,"minecraft:husk":2,"undead_revamp2:the_moonflower":5,"minecraft:rabbit":1,"minecraft:wandering_trader":3,"minecraft:hoglin":2,"iceandfire:ghost":18,"iceandfire:ice_dragon":1,"minecraft:wither_skeleton":2,"minecraft:enderman":3,"enemyexpansion:slugger":1},"minecraft:picked_up":{"minecraft:iron_chestplate":1,"croptopia:shrimp":1,"croptopia:clam":1,"iceandfire:copper_sword":3,"minecraft:anvil":3,"croptopia:cinnamon_log":6,"regions_unexplored:magnolia_log":193,"minecraft:lead":13,"minecraft:diamond_sword":3,"regions_unexplored:silt_dirt":18,"alexscaves:cave_tablet":9,"minecraft:enchanted_book":1,"minecraft:golden_sword":1,"regions_unexplored:eucalyptus_planks":328,"iceandfire:armor_silver_metal_chestplate":1,"iceandfire:manuscript":6,"minecraft:string":16,"minecraft:raw_copper":50,"minecraft:iron_leggings":1,"minecraft:pufferfish":1,"minecraft:gold_nugget":404,"minecraft:cobbled_deepslate":179,"minecraft:rose_bush":17,"minecraft:calcite":3,"minecraft:iron_pickaxe":3,"regions_unexplored:blackwood_log":1,"minecraft:melon_slice":42,"iceandfire:dragonscales_red":14,"farmersdelight:cabbage_seeds":9,"regions_unexplored:redwood_log":13,"minecraft:furnace":1,"regions_unexplored:blackwood_planks":3,"minecraft:golden_helmet":1,"minecraft:stick":247,"minecraft:big_dripleaf":4,"minecraft:torch":42,"minecraft:porkchop":45,"iceandfire:lightning_dragon_flesh":3,"minecraft:golden_axe":1,"regions_unexplored:raw_redstone_block":1,"minecraft:diorite":4,"minecraft:golden_chestplate":1,"regions_unexplored:daisy":12,"regions_unexplored:barley":7,"regions_unexplored:magnolia_stairs":27,"minecraft:honey_bottle":1,"minecraft:rotten_flesh":69,"regions_unexplored:tsubaki":3,"regions_unexplored:mauve_log":496,"farmersdelight:onion":1,"pfm:strawberry_mysticsbiomes_white_classic_bed":1,"iceandfire:fire_dragon_heart":3,"alexsmobs:emu_egg":2,"minecraft:obsidian":1,"undead_revamp2:arapholia":3,"regions_unexplored:magnolia_sapling":18,"minecraft:cod":9,"minecraft:cobblestone":1134,"mysticsbiomes:strawberry_sapling":3,"minecraft:pink_petals":14,"minecraft:cooked_beef":46,"minecraft:feather":6,"minecraft:lilac":2,"farmersdelight:rice":3,"minecraft:andesite":195,"minecraft:water_bucket":1,"minecraft:jungle_log":15,"minecraft:brown_wool":1,"minecraft:golden_leggings":1,"iceandfire:armor_red_chestplate":1,"minecraft:flint":4,"minecraft:tuff":2,"undead_revamp2:huntereye":1,"minecraft:dirt":1191,"minecraft:bone":22,"regions_unexplored:magnolia_planks":8,"undead_revamp2:blacpetalblock":2,"minecraft:bow":2,"minecraft:wheat_seeds":82,"minecraft:orange_tulip":1,"minecraft:moss_block":6,"minecraft:oak_planks":6,"minecraft:pink_concrete":1,"minecraft:cooked_porkchop":14,"patchouli:guide_book":1,"regions_unexplored:eucalyptus_stairs":32,"regions_unexplored:salmonberry":2,"iceandfire:dragonscales_sapphire":11,"iceandfire:dragon_skull_fire":3,"minecraft:jungle_planks":86,"regions_unexplored:palm_log":2,"minecraft:red_terracotta":3,"minecraft:dark_oak_log":3,"regions_unexplored:pink_lupine":4,"minecraft:orange_wool":2,"minecraft:barrel":2,"alexsmobs:animal_dictionary":1,"minecraft:mossy_cobblestone":4,"iceandfire:chared_cobblestone":10,"regions_unexplored:hyssop":10,"alexsmobs:kangaroo_hide":2,"minecraft:diamond":1,"minecraft:cracked_polished_blackstone_bricks":2,"regions_unexplored:clover":14,"alexsmobs:rattlesnake_rattle":1,"minecraft:granite":117,"minecraft:bread":24,"minecraft:emerald":7,"pfm:furniture_book":1,"minecraft:oak_sapling":4,"minecraft:netherrack":48,"regions_unexplored:magnolia_fence_gate":1,"iceandfire:silver_nugget":136,"iceandfire:raw_silver":4,"minecraft:coarse_dirt":2,"minecraft:fishing_rod":1,"minecraft:diamond_pickaxe":1,"iceandfire:dragon_skull_lightning":1,"minecraft:cocoa_beans":24,"minecraft:crafting_table":3,"minecraft:allium":2,"regions_unexplored:mycotoxic_grass":6,"minecraft:chicken":5,"iceandfire:witherbone":1,"minecraft:ladder":1,"minecraft:clay_ball":32,"gravestone:obituary":24,"regions_unexplored:red_maple_leaf_pile":22,"minecraft:cornflower":1,"minecraft:moss_carpet":2,"minecraft:red_bed":2,"minecraft:wooden_sword":2,"minecraft:flint_and_steel":1,"minecraft:blackstone":9,"iceandfire:ghost_ingot":1,"regions_unexplored:mauve_fence":15,"minecraft:candle":2,"minecraft:beef":38,"regions_unexplored:mauve_shrub":2,"minecraft:chest":3,"minecraft:egg":4,"minecraft:raw_iron":38,"iceandfire:dragonbone":42,"iceandfire:dragonscales_green":35,"regions_unexplored:silver_birch_leaf_pile":21,"minecraft:copper_ingot":2,"minecraft:polished_blackstone_bricks":9,"minecraft:carrot":1,"minecraft:redstone":15,"regions_unexplored:silt_grass_block":1,"regions_unexplored:kapok_log":2,"iceandfire:silver_ingot":4,"minecraft:arrow":16,"regions_unexplored:enchanted_birch_leaf_pile":37,"regions_unexplored:mauve_sapling":129,"regions_unexplored:felicia_daisy":6,"iceandfire:chared_dirt":3,"minecraft:hay_block":46,"croptopia:sea_lettuce":1,"minecraft:gold_ingot":20,"iceandfire:armor_sapphire_boots":1,"minecraft:glow_berries":4,"minecraft:mutton":39,"alexsmobs:kangaroo_meat":1,"minecraft:rail":25,"minecraft:skeleton_skull":1,"minecraft:white_wool":27,"minecraft:oxeye_daisy":1,"regions_unexplored:eucalyptus_log":48,"minecraft:salmon":1,"croptopia:crab":1,"minecraft:leather":25,"iceandfire:armor_sapphire_leggings":1,"minecraft:oak_log":7,"regions_unexplored:red_lupine":1,"iceandfire:ectoplasm":6,"minecraft:yellow_bed":1,"minecraft:gunpowder":3,"regions_unexplored:salmon_poppy_bush":2,"regions_unexplored:tassel":21,"regions_unexplored:stripped_magnolia_log":7,"alexsmobs:mosquito_proboscis":1,"minecraft:paper":21,"minecraft:white_banner":1,"minecraft:orange_terracotta":5,"regions_unexplored:aster":5,"iceandfire:armor_green_chestplate":1,"minecraft:apple":49,"minecraft:kelp":4,"mysticsbiomes:strawberry_log":11,"minecraft:rabbit_hide":3,"minecraft:iron_ingot":25,"minecraft:stone_pickaxe":3,"minecraft:cobweb":7,"minecraft:flowering_azalea":15,"minecraft:iron_sword":1,"iceandfire:fire_dragon_flesh":11,"regions_unexplored:orange_maple_leaf_pile":23,"minecraft:book":3,"iceandfire:chared_stone":12,"regions_unexplored:eucalyptus_sapling":29,"regions_unexplored:white_magnolia_sapling":62,"iceandfire:dragonbone_sword":2,"iceandfire:ash":5,"minecraft:quartz":88,"minecraft:dandelion":1,"minecraft:gravel":33,"minecraft:white_bed":8,"regions_unexplored:enchanted_birch_sapling":18,"minecraft:spider_eye":3,"iceandfire:dragonscales_copper":19,"travelersbackpack:standard":1,"minecraft:pumpkin_seeds":1,"regions_unexplored:fireweed":6,"minecraft:stone_axe":2,"regions_unexplored:silver_birch_log":104,"regions_unexplored:maple_log":3,"minecraft:gray_wool":2,"minecraft:terracotta":1,"minecraft:black_wool":1,"iceandfire:chared_gravel":2,"minecraft:dark_oak_wood":5,"minecraft:coal":40,"regions_unexplored:pointed_redstone":14}},"DataVersion":3465}